backlog_row,priority,title,creator,candidate_id,current_outcome,importer_status,blocker,updated_at
2,P0,36 Questions,Two-Up Productions,,unattempted,,,
3,P0,Mission to Zyxx,Maximum Fun,,unattempted,,,
4,P0,Hello From the Magic Tavern,Arnie Niekamp,,already-indexed,,,
5,P0,The Thrilling Adventure Hour,Ben Acker & Ben Blacker,,unattempted,,,
6,P0,The Red Panda Adventures,Decoder Ring Theatre,,unattempted,,,
7,P0,Second Shift,Blue Sky Red Design,,unattempted,,,
8,P0,The Radio Adventures of Dr. Floyd,Grant Baciocco & Doug Price,,unattempted,,,
9,P0,Steal the Stars,Gideon Media,,unattempted,,,
10,P0,The Archers,BBC,,unattempted,,,
11,P0,Bronzeville,Cinema Gypsy Productions,,unattempted,,,
12,P0,The Unexplainable Disappearance of Mars Patel,Gen-Z Media,,unattempted,,,
13,P0,Batman Unburied,Spotify / Warner Bros. / DC,,unattempted,,,
14,P1,Black Jack Justice,Decoder Ring Theatre,72fe9d1b-f8c5-4835-b985-0b6547b56d59,needs-review,needs-review,placeholder-description; insufficient-discovery-signals; missing-genre; cover-not-ready; scope-review; source-conflict; duplicate-ambiguity,2026-08-15 16:28:06
15,P0,Wormwood: A Serialized Mystery,Habit Forming Films,,unattempted,,,
16,P1,How to Succeed in Evil,Patrick E. McLean,6e9ae25f-8252-4e8c-98c0-9f55e9be931d,needs-review,needs-review,insufficient-discovery-signals; missing-genre; scope-review; source-conflict,2026-08-15 16:27:51
17,P0,The Cleansed,FinalRune Productions,,unattempted,,,
18,P1,19 Nocturne Boulevard,Julie Hoverson,c191b860-fb1a-4390-9125-a912d92d4a99,needs-review,needs-review,placeholder-description; insufficient-discovery-signals; missing-genre; scope-review,2026-08-15 16:28:05
19,P1,The Bunker,Definitely Human,aa477c73-edd2-4ad9-accd-3cbfcd8b2784,needs-review,needs-review,source-conflict,2026-08-15 16:27:06
20,P0,MarsCorp,Definitely Human,,unattempted,,,
21,P1,The Monster Hunters,Definitely Human,e5a5298a-d13c-41b9-98f2-5ead8c9a1b5d,needs-review,needs-review,source-conflict,2026-08-15 16:29:06
23,P1,The Kingery,Pendant Productions / Pendant Audio,f1510688-d217-4e67-890f-ab1ab64a3b95,needs-review,needs-review,source-conflict,2026-08-15 16:28:07
24,P1,Genesis Avalon,Pendant Audio,cb5ad9a3-11a6-4935-807b-5ec3979ea164,needs-review,needs-review,source-conflict,2026-08-15 16:26:51
25,P1,Seminar,Pendant Productions / Pendant Audio,6f9af6b3-2ae6-46e2-a50e-4122855ca183,needs-review,needs-review,source-conflict,2026-08-15 16:28:51
26,P1,Dreamnasium,Pendant Audio,9e0e220d-2ad0-411e-8764-d1e0766fd069,needs-review,needs-review,source-conflict,2026-08-15 16:27:11
27,P1,Almelem,Gideon Media,8048cd15-c589-414a-b628-b0937672b3a1,published,published,,2026-08-15 16:31:53
28,P1,Ask Your Father,Gideon Media,0969b272-c413-46bd-aa0d-17b7a0c3cb9c,needs-review,needs-review,source-conflict,2026-08-15 16:27:06
32,P1,See You in Your Nightmares,Audible,8895f055-6de7-49f4-9eab-724129849e79,needs-review,needs-review,placeholder-description; insufficient-discovery-signals; missing-genre; scope-review; source-conflict,2026-08-15 16:31:50
33,P1,It Makes a Sound,Night Vale Presents,5792c082-1285-455f-902d-255f481c4b6a,needs-review,needs-review,source-conflict,2026-08-15 16:27:05
34,P1,Adventures in New America,Night Vale Presents,16acbb75-f5f0-4f93-b279-b6a3acb329cc,published,published,,2026-08-15 16:31:53
35,P1,Unlicensed,Night Vale Presents / Audible,03be19ac-2bd3-41b0-adb6-08b3ae03c41f,needs-review,needs-review,scope-review; source-conflict,2026-08-15 16:31:51
36,P0,Arden,Wheyface Radio,,already-indexed,,,
37,P1,A Scottish Podcast,Jester's Baffies Productions / Matthew McLean,47585d92-dcbf-420f-a8a7-86bbe58a176a,needs-review,needs-review,missing-identity; weak-title; weak-description; insufficient-discovery-signals; missing-genre; cover-not-ready; missing-listen-link; scope-review,2026-08-15 16:27:50
38,P0,I Am in Eskew,Muna Hussen and Jon Ware,,unattempted,,,
39,P0,Kakos Industries,Conrad Miszuk,,unattempted,,,
40,P0,Palimpsest,Jamieson Ridenhour & Hayley Heninger / Palimpsest Productions,,unattempted,,,
41,P0,Kalila Stormfire's Economical Magick Services,Lisette Alvarez,,already-indexed,,,
42,P1,VALENCE,Hug House Productions,37e7eef6-54b8-400f-a846-0d78b02b2472,published,published,,2026-08-15 16:31:53
43,P1,Unseen,Long Story Short Productions,daf08945-be3e-4522-be6c-fde7a31f0e32,published,published,,2026-08-15 16:31:53
44,P1,Zero Hours,Long Story Short Productions,99732990-de55-4f22-b0bd-80ca46f61be3,needs-review,needs-review,source-conflict,2026-08-15 16:26:53
45,P1,Time:Bombs,Long Story Short Productions,ebbc8bca-73de-4a2b-8e16-f4bc8c6da425,published,published,,2026-08-15 16:31:53
46,P0,The Earth Collective,Michael Troup,,unattempted,,,
47,P0,SAYER,Adam Bash,,already-indexed,,,
48,P1,Ostium Podcast,Alex C. Telander / Ostium Network,676bd586-7f2d-44cc-8628-36bfe988babd,published,published,,2026-08-15 16:31:53
49,P1,Apollyon,Observer Pictures,f1d6e416-66e7-4b7f-bb89-5b5e70da8046,published,published,,2026-08-15 16:31:53
50,P1,Among the Stars and Bones,Chris Magilton,87e04495-7a63-4753-adf4-c0e13f4aac04,needs-review,needs-review,scope-review; source-conflict,2026-08-15 16:27:03
52,P1,Relativity,Lee Shackleford,75c068a6-47ed-48ed-875f-2dd8b3762a41,published,published,,2026-08-15 16:31:53
54,P1,Exoplanetary,C. Christopher Hart,3c9dc27e-528b-48b6-990b-ea62a9cbac42,needs-review,needs-review,cover-not-ready,2026-08-15 16:29:19
55,P1,The Vesta Clinic,Eva Thanheiser,f1f6bf50-5eae-4893-91c9-e7166db6a792,needs-review,needs-review,missing-identity; weak-title; weak-description; insufficient-discovery-signals; missing-genre; cover-not-ready; missing-listen-link; scope-review,2026-08-15 16:33:57
59,P1,ROGUEMAKER,Courier's Call Productions,55f00260-3214-4f2a-b22b-2d4e72f5feb4,needs-review,needs-review,missing-identity; weak-title; weak-description; insufficient-discovery-signals; missing-genre; cover-not-ready; missing-listen-link; scope-review,2026-08-15 16:36:10
60,P1,The Green Horizon,Paul Walsh,b5b0e073-c455-4108-9529-ffb4178b7ed5,published,published,,2026-08-15 16:37:01
61,P1,The Beacon,Claudia Elvidge,5df409df-07cc-4544-9c83-1de4d94ad7a3,published,published,,2026-08-15 16:37:01
62,P1,What Will Be Here?,Tal Minear,358c8aa7-1969-48c1-8c33-d297a8fa37f2,published,published,,2026-08-15 16:37:01
63,P1,Sidequesting,Tal Minear,3e05d76c-3cd5-4e05-acb7-e4d566fed237,published,published,,2026-08-15 16:37:01
64,P1,Counterbalance,Blighthouse Studio,e4f503b0-9c02-45ba-9156-41cd516d6b3f,published,published,,2026-08-15 16:37:01
65,P1,Inn Between,The Goblin’s Head / Hannah Wright,fc27bbee-00f6-458e-9f3b-9936f5ac1e83,published,published,,2026-08-15 16:37:01
66,P1,Absolutely No Adventures,AudioOhm Media,9b6f135d-e344-4d88-aed4-5431621ae43d,needs-review,needs-review,placeholder-description; insufficient-discovery-signals; missing-genre; scope-review; source-conflict,2026-08-15 16:36:11
67,P1,The Call of the Flame,Magnir Productions,6c9a4165-f227-4f5e-bfac-18ded68c08f4,published,published,,2026-08-15 16:37:01
68,P1,Dark Ages,,bb7996d9-ecb8-4aa7-a0fe-4920f6801e8d,needs-review,needs-review,placeholder-description; insufficient-discovery-signals; missing-genre; scope-review,2026-08-15 16:35:57
70,P1,Desperado,Samy Souissi / Aeaea,ea057ff9-ebd6-4b57-9b69-9b63719fbff0,needs-review,needs-review,missing-identity; weak-title; weak-description; insufficient-discovery-signals; missing-genre; cover-not-ready; missing-listen-link; scope-review,2026-08-15 16:36:10
71,P1,Monstrous Agonies,H.R. Owen,e9bd5477-0a38-44f2-989a-3b14edac43f7,needs-review,needs-review,source-conflict,2026-08-15 16:35:58
72,P0,Love and Luck,Passer Vulpes Productions,,already-indexed,,,
73,P1,Find Us Alive,Aurore BlackCat,687fe504-75c4-4947-9c9d-b09a297ce2d8,needs-review,needs-review,insufficient-discovery-signals; missing-genre; cover-not-ready; scope-review; source-conflict,2026-08-15 16:34:04
74,P0,Camlann,Tin Can Audio,,unattempted,,,
75,P1,The Grotto,Athena Lee,7cf72127-1a94-42f4-8eef-f7c42d9519d5,needs-review,needs-review,insufficient-discovery-signals; missing-genre; scope-review; source-conflict,2026-08-15 16:54:34
78,P1,The Attic Monologues,TAM Podcast,3130de6c-7062-47d8-86e9-61c24a26cb07,published,published,,2026-08-15 16:37:01
79,P1,Someone Dies in This Elevator,Tal Minear,1a940200-a4b4-40f4-80e7-622b122e32a8,published,published,,2026-08-15 16:37:01
87,P1,Less Is Morgue,The Praeps Collective,57736532-4cfc-480f-b6b4-0201d184c749,published,published,,2026-08-15 16:37:01
89,P1,Achewillow,Amy Frost & J.F. Dubeau,19a3ddc5-5788-4a78-bdbe-97cdf1180c7a,published,published,,2026-08-15 16:37:01
91,P1,Folxlore,Tin Can Audio / In The Works,d5903157-fd03-4b8d-bf49-0cf9c60b7b1a,published,published,,2026-08-15 16:37:01
92,P1,Cybernautica,Strange Exiles,39386c5a-9ab9-48cb-b814-0d04208143ca,published,published,,2026-08-15 16:37:01
94,P1,Vega: A Sci-Fi Adventure Podcast!,Ivuoma Hall,9d60ee8f-0fbb-4573-b9c7-718ad8acd052,published,published,,2026-08-15 16:37:01
99,P1,Ad Lucem,QCODE,9929c289-2190-4e1d-bbbb-5cac176126f5,needs-review,needs-review,source-conflict,2026-08-15 16:35:01
100,P1,Bad Vibes,QCODE,26708451-fdbd-4819-a937-1fa7a2ff5426,needs-review,needs-review,source-conflict,2026-08-15 16:36:02
101,P1,Beautiful Liar,QCODE,04634dd5-77d1-4513-9976-dbfbd148b867,needs-review,needs-review,source-conflict,2026-08-15 16:35:00
102,P1,Bloodthirsty Hearts,QCODE,177faf28-4c4e-4458-a09c-6881bb64d831,needs-review,needs-review,source-conflict,2026-08-15 16:34:00
103,P1,Classified,QCODE,a98ef188-b8df-4357-90ea-37c696c87002,needs-review,needs-review,source-conflict,2026-08-15 16:40:48
104,P1,Cupid,QCODE,cad6b772-def3-44dd-9928-c44cd0eee90f,needs-review,needs-review,source-conflict,2026-08-15 16:37:48
105,P1,Dirty Diana,QCODE,df7d2415-34f2-453b-807f-a2abe5867939,needs-review,needs-review,source-conflict,2026-08-15 16:38:48
106,P1,Edith!,QCODE / Crooked Media,385b93e4-1d42-462b-a59f-f46b547aeb9d,needs-review,needs-review,source-conflict,2026-08-15 16:40:47
107,P1,Electric Easy,QCODE,3bd54773-2b36-481b-b8d3-8e54347aaa2c,needs-review,needs-review,source-conflict,2026-08-15 16:39:47
108,P1,Gaslight,QCODE,e998045f-c036-4b15-9670-a5b2d2d0c724,needs-review,needs-review,source-conflict,2026-08-15 16:37:49
109,P1,Ghost Tape,QCODE,85347c65-4130-45c6-a321-ca722c0f1c65,needs-review,needs-review,source-conflict,2026-08-15 16:37:48
110,P1,Last Known Position,QCODE,1edeb08f-1933-44f2-b6f4-f029c33aa527,needs-review,needs-review,source-conflict,2026-08-15 16:39:52
111,P1,Listening In,QCODE,b6ba104c-d209-4d80-b8db-9fc88bf2c05e,needs-review,needs-review,source-conflict,2026-08-15 16:37:51
112,P1,Narcissa,QCODE,2fe91603-b42c-444b-80b7-98946549cb53,needs-review,needs-review,source-conflict,2026-08-15 16:37:47
113,P1,Ronstadt,QCODE,9f0a05ce-9c2a-419e-a0ca-f24281dd9439,published,published,,2026-08-15 16:40:51
114,P1,Soft Voice,QCODE,1a9533c3-6b32-491a-a50d-d0ffa4e4cc53,needs-review,needs-review,source-conflict,2026-08-15 16:38:50
115,P1,The Foxes of Hydesville,QCODE,cafee86a-ac81-4a56-af56-148fa5eaf600,published,published,,2026-08-15 16:40:51
116,P1,The Lower Bottoms,QCODE,e619da78-a7d2-4bc0-aa4a-bf1caec38aed,needs-review,needs-review,source-conflict,2026-08-15 16:39:52
117,P1,The Prophecy,QCODE,be574bac-c635-4b9c-a40a-1d28dd71a9d2,needs-review,needs-review,placeholder-description; insufficient-discovery-signals; missing-genre; scope-review; source-conflict; duplicate-ambiguity,2026-08-15 16:40:48
118,P1,Unwanted,QCODE,5ebe7617-100a-4efd-a166-6536bf6fc214,needs-review,needs-review,source-conflict,2026-08-15 16:39:53
120,P1,Black Box,QCODE,88e67197-9c66-49e0-9bae-04e4971f1964,needs-review,needs-review,missing-genre; source-conflict,2026-08-15 16:37:47
121,P0,1865,Airship / Wondery,,unattempted,,,
122,P1,Terms,Wondery,06bad4b5-4a75-49ba-ae95-4895ed09b74d,needs-review,needs-review,scope-review; source-conflict,2026-08-15 16:37:50
123,P1,Exeter,Sundance Now,37c8cb67-06e5-4f43-84ce-f1d666e8e5ab,needs-review,needs-review,insufficient-discovery-signals; missing-genre; scope-review; source-conflict,2026-08-15 16:39:56
124,P1,Hunted,Endeavor Audio,be02db53-007f-4913-8482-5242959e7e43,published,published,,2026-08-15 16:40:51
125,P1,Deadly Manners,The Paragon Collective,428e227a-c4af-4601-9f1c-a988227c1f3a,published,published,,2026-08-15 16:40:51
126,P1,13 Days of Halloween,Grim & Mild / iHeartPodcasts,7e62b5d4-97af-4976-aa38-279e7f0943f4,needs-review,needs-review,source-conflict,2026-08-15 16:38:50
127,P1,Aftershock,iHeartPodcasts,1453e7b7-1608-47b6-8380-412a28e440f7,published,published,,2026-08-15 16:40:51
128,P1,Consumed,Grim & Mild / iHeartPodcasts,febc0355-c859-4bc3-8883-1dd2a6e76149,needs-review,needs-review,source-conflict,2026-08-15 16:38:52
129,P1,Mordeo,Blumhouse Television / iHeartPodcasts,1e01cd17-298a-4d02-b6e6-5ec45e527a3b,published,published,,2026-08-15 16:40:51
130,P0,The Mantawauk Caves,iHeartPodcasts,,already-indexed,,,
131,P1,Strawberry Spring,iHeartPodcasts,de58f327-143e-42b3-8b0a-a4a21593f044,published,published,,2026-08-15 16:44:11
132,P1,Tomorrow's Monsters,iHeartPodcasts,8a6a0017-2815-46c0-b843-621df861680c,needs-review,needs-review,source-conflict,2026-08-15 16:41:45
133,P0,Quiet Part Loud,Gimlet / Monkeypaw Productions,,unattempted,,,
134,P1,Red Frontier,Gimlet,5a210b10-6653-4c4f-b8f5-230b1d1844cb,published,published,,2026-08-15 16:44:11
135,P1,Treat,C13Features,d62f68ae-57a5-401e-ba32-239e2927c739,needs-review,needs-review,source-conflict,2026-08-15 16:43:38
136,P1,Ghostwriter,C13Features,be965712-344c-441d-8e8e-2cd01fd9d9f9,published,published,,2026-08-15 16:44:11
137,P1,Academy,AT WILL MEDIA / Wondery,50c9bbbd-e69a-4b9c-a4f4-6c79db4eef74,published,published,,2026-08-15 16:44:11
138,P1,Murder in HR,Caspian Studios,5b794f6c-961a-473c-9896-de01bc58e7b1,needs-review,needs-review,source-conflict,2026-08-15 16:42:37
139,P1,Moriarty: The Devil's Game,Treefort Media / Audible,60dbca5e-cebd-4e70-9e99-aeaf56888a9d,published,published,,2026-08-15 16:44:11
140,P1,Moriarty: The Silent Order,Treefort Media / Audible,6e7c5351-98b9-496e-891d-08f2d199e511,needs-review,needs-review,insufficient-discovery-signals; missing-genre; scope-review; source-conflict,2026-08-15 16:41:42
141,P1,Hot White Heist,Audible,c2a78d0d-5fee-4942-bab2-9ed661bfa65a,published,published,,2026-08-15 16:44:11
142,P1,The Coldest Case: The Past Has a Long Memory,Audible,59ecbed4-7b61-4189-b449-a874d7ff3131,needs-review,needs-review,source-conflict,2026-08-15 16:43:48
143,P1,Third Eye,Audible,30764201-0a27-4a01-a994-794db01d1b50,needs-review,needs-review,placeholder-description; insufficient-discovery-signals; missing-genre; scope-review; source-conflict,2026-08-15 16:43:43
144,P1,Anthem: Homunculus,Luminary,be1926aa-4fa0-4fe0-a31e-a49a58ce65e0,needs-review,needs-review,scope-review; source-conflict,2026-08-15 16:41:44
145,P1,Shipworm,Two-Up,612bb200-5783-40a2-aa4f-c097f9543748,published,published,,2026-08-15 16:44:11
146,P1,The Big Lie,Fresh Produce Media / Audible,e1001270-7e8f-4c94-81b4-5454ec58a754,needs-review,needs-review,insufficient-discovery-signals; missing-genre; source-conflict,2026-08-15 16:41:45
147,P1,You Feeling This?,Overtones Media / iHeartRadio,f35e4195-9546-40f2-9dd5-1a1851937ce7,published,published,,2026-08-15 16:44:11
149,P1,The Riddler: Secrets in the Dark,Spotify / Warner Bros. / DC,ba965c2e-a3a9-422e-b8da-3671d19cf667,needs-review,needs-review,placeholder-description; insufficient-discovery-signals; missing-genre; scope-review; source-conflict; duplicate-ambiguity,2026-08-15 16:43:44
150,P1,Harley Quinn and The Joker: Sound Mind,Spotify / Warner Bros. / DC,408892f9-2d7d-4e23-a0bb-d09c07957c3d,needs-review,needs-review,insufficient-discovery-signals; scope-review; source-conflict,2026-08-15 16:43:40
151,P1,Batman: The Audio Adventures,HBO Max / Warner Bros. / DC,9c3c08c8-77bc-419f-bb3a-a1f02c5b40b8,needs-review,needs-review,insufficient-discovery-signals; missing-genre; scope-review; source-conflict,2026-08-15 16:42:49
152,P0,DC High Volume: Batman,DC Comics / Realm,,unattempted,,,
153,P1,Marvel's Wastelanders,Marvel / SiriusXM,3ae2b12b-ad0b-4387-bae2-57e42ef9ac1b,published,published,,2026-08-15 16:44:11
154,P1,Marvel's Squirrel Girl: The Unbeatable Radio Show!,Marvel / SiriusXM,8e8166c0-b100-41c3-88d4-0cac5d8dc6ac,published,published,,2026-08-15 16:44:11
155,P1,Marvels,Marvel / Stitcher,f3b56e54-6e50-494d-bf01-4027ff4d3b99,needs-review,needs-review,source-conflict,2026-08-15 16:43:46
157,P1,Orphan Black: The Next Chapter,Realm,6d52dc8d-abed-44ff-ac4d-8c346318ce4b,published,published,,2026-08-15 16:44:11
158,P1,Echo Park,Realm,3cd5d42d-519f-45cb-9f91-a374b6d43581,needs-review,needs-review,placeholder-description; insufficient-discovery-signals; missing-genre; scope-review; source-conflict; duplicate-ambiguity,2026-08-15 16:43:40
159,P1,Spark Hunter,Realm,278dcf78-c30b-4650-a787-2377e77536a9,needs-review,needs-review,source-conflict,2026-08-15 16:41:47
160,P1,Marigold Breach,Realm,65f3da88-365c-43eb-8a40-ad077e1b787f,needs-review,needs-review,source-conflict,2026-08-15 16:44:52
161,P1,Power Trip,Realm,79b87508-2245-4638-887e-09c491e06f15,needs-review,needs-review,source-conflict,2026-08-15 16:44:59
162,P1,Overleaper,Realm,be746016-c97e-4135-8df0-ba8396239912,needs-review,needs-review,insufficient-discovery-signals; missing-genre; scope-review; source-conflict,2026-08-15 16:46:54
163,P1,If I Go Missing the Witches Did It,Realm,0555dc99-054e-485e-a101-24aa97a5f7d9,needs-review,needs-review,placeholder-description; insufficient-discovery-signals; missing-genre; scope-review; source-conflict; duplicate-ambiguity,2026-08-15 16:46:53
164,P1,Roanoke Falls,Realm,655c9dbf-944a-4358-bc65-33e653254634,needs-review,needs-review,source-conflict,2026-08-15 16:44:59
165,P1,Memory Lane,Realm,7130457e-c8af-4f46-817e-f1d17a903282,needs-review,needs-review,insufficient-discovery-signals; missing-genre; scope-review; source-conflict,2026-08-15 16:46:53
166,P1,Elixir,Realm,434c4a7d-523b-448b-8550-8189dae8578b,needs-review,needs-review,placeholder-description; insufficient-discovery-signals; missing-genre; scope-review; source-conflict; duplicate-ambiguity,2026-08-15 16:45:51
168,P1,Undertow,Realm,41704ad2-eccf-4ed6-b95f-01617dab2df2,needs-review,needs-review,source-conflict,2026-08-15 16:46:56
170,P1,Tracks,BBC Radio 4 / BBC,48a63e1c-17fd-4596-94d1-f16daba34fa9,needs-review,needs-review,source-conflict,2026-08-15 16:45:00
171,P1,Murmurs,BBC,60671fb4-73a6-4643-87e8-97a4c0799875,needs-review,needs-review,insufficient-discovery-signals; missing-genre; scope-review; source-conflict,2026-08-15 16:44:55
172,P0,Doctor Who: Redacted,BBC Sounds / BBC,,unattempted,,,
173,P1,Lusus,BBC,9afa82b0-8635-4a63-ad92-5335c3a0c1a4,needs-review,needs-review,source-conflict,2026-08-15 16:45:58
174,P1,The Piper,BBC,382ab379-1c6b-4947-90c8-33e048ccba03,needs-review,needs-review,insufficient-discovery-signals; missing-genre; scope-review; source-conflict,2026-08-15 16:44:53
175,P1,Harland,BBC,6f04b25e-1839-48f4-bc86-0f5fcca2af5e,needs-review,needs-review,placeholder-description; insufficient-discovery-signals; missing-genre; scope-review; source-conflict; duplicate-ambiguity,2026-08-15 16:46:53
176,P1,Who Is Aldrich Kemp?,BBC,449ab5d5-270c-47b0-9814-fc83edc9dbe4,needs-review,needs-review,source-conflict; duplicate-ambiguity,2026-08-15 16:44:54
177,P1,Aldrich Kemp and the Rose of Pamir,BBC,ed0165c3-7356-495c-aaf9-3ee510be9cdf,needs-review,needs-review,placeholder-description; insufficient-discovery-signals; missing-genre; scope-review; source-conflict; duplicate-ambiguity,2026-08-15 16:45:57
178,P1,Body Horror,BBC,c97ed6fc-d7bd-4229-9f69-53e103c78db6,needs-review,needs-review,insufficient-discovery-signals; missing-genre; scope-review; source-conflict,2026-08-15 16:45:56
179,P1,Children of the Stones,BBC,7f1d6089-8085-483a-bb9e-168d9c3aea37,needs-review,needs-review,source-conflict,2026-08-15 16:46:52
180,P1,The System,BBC,6bbe04fd-bf87-4d76-892a-2f9ca0b04ea9,needs-review,needs-review,insufficient-discovery-signals; missing-genre; scope-review; source-conflict,2026-08-15 16:45:59
182,P1,People Who Knew Me,BBC / Merman,309ebd8f-25e0-47ea-861b-1d712f638707,needs-review,needs-review,source-conflict,2026-08-15 16:44:53
183,P1,Limelight,BBC,daba2ded-521e-4a43-a876-3ca7856ce220,needs-review,needs-review,placeholder-description; insufficient-discovery-signals; missing-genre; scope-review,2026-08-15 16:44:54
184,P0,The Fitzroy Diaries,ABC Radio National / ABC,,unattempted,,,
186,P1,The Beef and Dairy Network Podcast,Maximum Fun,2a6315e8-b332-4f29-be01-94b34b8b2c3b,needs-review,needs-review,scope-review; source-conflict,2026-08-15 16:45:00
187,P1,Valley Heat,Starburns Audio,ad89dfe0-58d0-44f7-8ee9-ba8be89484d3,needs-review,needs-review,scope-review; source-conflict,2026-08-15 16:44:57
188,P1,The Neighborhood Listen,CBB World,349fee57-3219-4d0e-8cb5-5c75711d451f,needs-review,needs-review,scope-review,2026-08-15 16:45:55
189,P1,Big Grande Teachers' Lounge,Big Grande,9f4707fa-e778-417b-b40c-fb0cc8238896,published,published,,2026-08-15 16:46:57
190,P1,A Very Fatal Murder,The Onion,7da09853-b1e1-4227-b7a4-669b967e5368,needs-review,needs-review,insufficient-discovery-signals; missing-genre; scope-review,2026-08-15 16:44:53
191,P1,This Sounds Serious,Kelly & Kelly,49972c30-3f79-4657-863a-2d48ea619eed,published,published,,2026-08-15 16:50:14
192,P1,Gay Future,Gay Future Productions,ea3f3c13-9373-44ef-8733-9cc57e52fe80,needs-review,needs-review,source-conflict,2026-08-15 16:48:56
193,P1,Who Killed Avril Lavigne?,Super Normal Media,66d48bda-5ce3-43d8-8660-c81cac2784be,published,published,,2026-08-15 16:50:14
194,P1,Bubble,Maximum Fun,3c3a37a1-3bcc-47fe-a6b0-aee90cdc2bc2,needs-review,needs-review,scope-review; source-conflict,2026-08-15 16:49:57
195,P1,The Offensive,Stak,169f8671-b938-455e-9c54-ea9ab4c886fb,needs-review,needs-review,source-conflict,2026-08-15 16:48:54
196,P1,Meet Cute Rom-Coms,Meet Cute,0f9cc634-7ab8-429f-843e-1158ebb92d68,needs-review,needs-review,insufficient-discovery-signals; missing-genre; scope-review; source-conflict,2026-08-15 16:49:57
197,P1,Next Stop,Multitude,f8b14054-1332-4495-9a07-75d95efa67ef,published,published,,2026-08-15 16:50:14
198,P1,Life With LEO(h),Atypical Artists,afdbb360-b810-4459-9a58-39df2a989b1d,published,published,,2026-08-15 16:50:14
199,P1,Quid Pro Euro,Felix Trench,e0bd1b51-3637-4d44-aae5-e83058edf03f,needs-review,needs-review,source-conflict,2026-08-15 16:47:48
200,P1,St Elwick's Neighbourhood Association Newsletter Podcast,Mike Wozniak,7297fce3-12f8-4c71-987c-aa8c11ad2049,needs-review,needs-review,scope-review; source-conflict,2026-08-15 16:49:50
201,P1,Gather the Suspects,MadeUp Audio Productions,4250f6d2-8688-48ce-a957-345270051470,published,published,,2026-08-15 16:50:14
205,P1,In Strange Woods,Atypical Artists,b27fe7fa-2ea9-4626-931e-b78393fd7be2,needs-review,needs-review,source-conflict,2026-08-15 16:48:54
206,P1,The Ballad of Anne & Mary,Long Cat Media,f3f7796c-bdc9-4371-813a-c167621b9e1f,published,published,,2026-08-15 16:50:14
207,P1,The Flame,Lez Hang Out,c1e38281-2dc5-43a6-a8b3-b39ace0bb429,needs-review,needs-review,source-conflict,2026-08-15 16:47:51
209,P1,The Fall of the House of Sunshine,Roi Gold Productions,f32aabad-11fa-433a-bf1e-e86cb95a46cb,needs-review,needs-review,source-conflict,2026-08-15 16:48:50
214,P1,Falling in Love with Mr. Dellamort,Broadway Podcast Network,bac98fd8-05c5-494b-87e1-67a6fc4f00df,needs-review,needs-review,source-conflict,2026-08-15 16:47:52
215,P0,Parkdale Haunt,Emily Kellogg & Alex Nursall,,unattempted,,,
218,P1,How It Ends,How It Ends Studio,28198cce-e742-486f-ace3-45e4737c5f88,needs-review,needs-review,insufficient-discovery-signals; missing-genre; source-conflict,2026-08-15 16:47:48
222,P1,Return Home,Jeff Heimbuch / Bamfer Productions,7fa306b0-f066-4327-b06b-550520ad7107,needs-review,needs-review,insufficient-discovery-signals; source-conflict,2026-08-15 16:49:54
224,P1,The Deep Vault,Night Vale Presents / Dead Signals,0c703a27-5468-4ddc-b4f7-4ce3c16fe999,needs-review,needs-review,insufficient-discovery-signals; missing-genre,2026-08-15 16:49:49
226,P1,Rex Rivetter: Private Eye,Downstairs Entertainment / Gregory McAfee & Rhiannon McAfee,dab81cfb-6055-4313-90c3-b1345ba2a9ae,published,published,,2026-08-15 16:50:14
227,P0,The Harrowing,Storyglass,,unattempted,,,
228,P1,The Hotel,Travis McMaster,47c02485-7a29-4ca9-97c1-50d412457bc0,published,published,,2026-08-15 16:50:14
229,P1,Thirteen,Imaginary Comma,d65b2f40-6592-4f0a-916e-ea7900587b0c,published,published,,2026-08-15 16:50:14
230,P1,NIGHTLIGHT,Ransom Media Productions,f83d6793-fdff-413c-8068-4652b80734bc,needs-review,needs-review,source-conflict,2026-08-15 16:48:51
231,P1,The Wicked Library,9th Story Studios,525a00ea-13c9-4e42-8a5e-56764feccf4b,published,published,,2026-08-15 16:50:14
232,P1,The Dark Tome,Dagaz Media,613dfad0-7449-4fbc-a2c1-5bd691ae877c,needs-review,needs-review,source-conflict,2026-08-15 16:49:57
234,P0,Uncanny County,Todd Faulkner & Alison Crane,,unattempted,,,
235,P1,Creepy,Jon Grilz,46a70204-3644-4a58-89b3-c776bcb82885,needs-review,needs-review,insufficient-discovery-signals; missing-genre; source-conflict,2026-08-15 16:52:00
236,P1,Chilling Tales for Dark Nights,Chilling Entertainment,07c31c5d-5a58-42d9-89b4-9fc6a369af34,needs-review,needs-review,source-conflict,2026-08-15 16:52:00
237,P0,Escape Pod,"Escape Artists, Inc. / Escape Artists",,unattempted,,,
238,P1,PodCastle,"Escape Artists, Inc. / Escape Artists",486e8232-c3d4-40fa-98b4-e2e8ed719db1,needs-review,needs-review,placeholder-description,2026-08-15 16:51:58
239,P1,PseudoPod,Escape Artists,c95c3141-d21e-4331-bda8-40bc80986ddf,needs-review,needs-review,placeholder-description,2026-08-15 16:50:59
240,P1,Cast of Wonders,"Escape Artists, Inc. / Escape Artists",c9487c6e-b910-4291-8d08-b8f0eead0668,needs-review,needs-review,placeholder-description; insufficient-discovery-signals; missing-genre; scope-review,2026-08-15 16:51:55
242,P1,StarShipSofa,Tony C. Smith,,unattempted,,,
243,P1,Clarkesworld Magazine Podcast,Clarkesworld Magazine,d0de6d2e-7425-42c3-8412-37ebc03ddd59,needs-review,needs-review,source-conflict,2026-08-15 16:50:58
244,P1,Lightspeed Magazine Podcast,Lightspeed Magazine,45978878-e6d0-4686-b640-7cce870f0dbf,needs-review,needs-review,insufficient-discovery-signals; missing-genre; source-conflict,2026-08-15 16:52:12
247,P1,"Back Again, Back Again",,c99c090d-5633-4186-8ab1-ba2cbca6c6c2,published,published,,2026-08-15 16:53:31
248,P1,Celeritas,Alexander Adell / Magnesium Film,c075e505-2526-4b05-8556-3442520a7893,published,published,,2026-08-15 16:53:31
249,P1,Cry Havoc! Ask Questions Later,Rusty Quill,f8eb9c35-65cd-4f50-b5e9-4e687303a92c,published,published,,2026-08-15 16:53:31
250,P1,Ethics Town,Dodo Ink / CL Hendry,138048c8-988b-4e94-a554-55260fb313ad,needs-review,needs-review,missing-identity; weak-title; weak-description; insufficient-discovery-signals; missing-genre; cover-not-ready; missing-listen-link; scope-review,2026-08-15 16:50:59
251,P1,Fulmar's Folly,Static Airwaves,9ec413cd-b255-4c3c-93fb-b371a0f33152,needs-review,needs-review,source-conflict,2026-08-15 16:51:00
252,P1,Haunted House Flippers,,a0de93e9-2f0f-4182-b52e-8888aacbb40e,published,published,,2026-08-15 16:53:31
253,P1,HAUNTED: The Audio Drama,Impala Films,258ea427-655f-4ad5-a987-e8cd7b65b612,published,published,,2026-08-15 16:53:31
256,P1,Middle:Below,Tin Can Audio,1c1431c7-a0e9-446d-b625-1b5a35efb65e,published,published,,2026-08-15 16:53:31
257,P1,Primordial Deep,No Such Thing Productions,16df9d59-01af-46f5-b9e3-dd652591c9f3,published,published,,2026-08-15 16:53:31
258,P0,Sherlock & Co.,Goalhanger,,already-indexed,,,
259,P1,The Byron Chronicles,Darker Projects,68e4aa82-4ee8-43df-90a6-55a2454877a3,needs-review,needs-review,insufficient-discovery-signals; missing-genre; cover-not-ready; source-conflict,2026-08-15 16:51:06
262,P1,The Sink: A Sleep Aid,BBC,93aa5203-257a-4ef0-901d-3a48e246c6d0,needs-review,needs-review,source-conflict,2026-08-15 16:52:09
264,P0,Six Minutes,Gen-Z Media,,unattempted,,,
265,P1,The Alien Adventures of Finn Caspian,Gen-Z Media / Jonathan Messinger,72749dab-adcf-4f58-b3ed-1b41db987eca,needs-review,needs-review,insufficient-discovery-signals; missing-genre; source-conflict,2026-08-15 16:52:00
266,P0,Eleanor Amplified,WHYY,,unattempted,,,
267,P1,Timestorm,Cocotazo Media / Gen-Z Media / TRAX,463096ce-b891-47ce-b76d-ae5e11afe923,needs-review,needs-review,source-conflict,2026-08-15 16:50:57
268,P1,The Mayan Crystal,Gen-Z Media,10504922-ba25-4387-9bed-c3ae3e753ea0,needs-review,needs-review,source-conflict; duplicate-ambiguity,2026-08-15 16:53:00
269,P1,The Rez,Rezilience Ltd. / Gen-Z Media,acc51f75-8bc5-4fd2-bf40-34008df30be4,published,published,,2026-08-15 16:53:31
271,P1,Treasure Island 2020,Gen-Z Media,703194d5-c41b-4cd5-a7b9-7ba5f40eb6e5,needs-review,needs-review,source-conflict,2026-08-15 16:51:01
272,P1,Maxine Miles,Atypical Artists,5de0bf52-e066-4c9f-9054-8fb79a6b1053,needs-review,needs-review,missing-identity; weak-title; weak-description; insufficient-discovery-signals; missing-genre; cover-not-ready; missing-listen-link; scope-review,2026-08-15 16:53:27
273,P1,Lethal Lit,,54b8ea79-184b-44d6-a236-9442227920c9,needs-review,needs-review,source-conflict,2026-08-15 16:52:06
274,P1,Nightingale,Gen-Z Media,73e107af-4ccc-4076-b9a3-68c6d78bb545,needs-review,needs-review,insufficient-discovery-signals; missing-genre; scope-review; source-conflict,2026-08-15 16:55:34
278,P1,The Road of Shadows,Mark R. Healy / Beyond the Dark Productions,010730e8-36a6-45b0-8acd-0ea6db95d1c2,published,published,,2026-08-15 16:56:53
279,P1,The Madness of Chartrulean,Packhowl Media,569e1b2c-d62c-4840-9f8e-839f4e2c57bc,published,published,,2026-08-15 16:56:53
280,P1,The Technomancy Project,,c99bc08e-31f5-4cc5-9ee4-7dc6d02ac184,published,published,,2026-08-15 16:56:53
281,P1,"The Department of Variance of Somewhere, Ohio",Rat Grimes,3713a26a-6437-4ada-b5f3-96fe5da9ee65,needs-review,needs-review,placeholder-description; insufficient-discovery-signals; missing-genre; scope-review; source-conflict; duplicate-ambiguity,2026-08-15 16:54:44
283,P1,Starship Q Star,Meegan May & Lauren Anderson,045cbf10-86e8-4704-81c0-a726608a3832,needs-review,needs-review,insufficient-discovery-signals; missing-genre; scope-review; source-conflict,2026-08-15 16:54:44
285,P1,The Shadows,CBC Podcasts / CBC / Kaitlin Prest,fdef1e1d-abf1-4bb5-b2f0-2dae051990d8,needs-review,needs-review,placeholder-description; insufficient-discovery-signals; missing-genre; scope-review,2026-08-15 16:56:01
286,P1,Earth Break,Skylark Media,716e19f0-a19c-4a69-be3d-c56943c6bc5f,needs-review,needs-review,source-conflict,2026-08-15 16:56:32
287,P0,The Fourth Ambit,Dawson Nichols,,already-indexed,,,
288,P1,The Springheel Saga,Wireless Theatre Company / Wireless Theatre,74fbf7e1-9e30-4369-a003-7c0bfcaf1f48,needs-review,needs-review,scope-review; source-conflict,2026-08-15 16:54:43
289,P1,The Minister of Chance,Radio Static / Dan Freeman,70ce2087-edd7-47cf-bc2e-a6dcb62e3596,needs-review,needs-review,insufficient-discovery-signals; missing-genre; cover-not-ready; scope-review; source-conflict,2026-08-15 16:56:51
290,P1,HG World,3015 North / 3015 North Studios,071fa5eb-9a03-4c20-b652-88e1a2e2d5cf,needs-review,needs-review,source-conflict,2026-08-15 16:56:49
292,P1,Woodbine,Alex Nursall & Emily Kellogg,0f6e60d7-9d59-4306-9687-9c73a0091d3e,needs-review,needs-review,placeholder-description; insufficient-discovery-signals; missing-genre; scope-review; source-conflict; duplicate-ambiguity,2026-08-15 16:54:44
293,P0,Deviser,Harlan Guthrie,,unattempted,,,
297,P1,Trice Forgotten,Rusty Quill,582f27ee-5645-4c95-8a1f-3948b608153e,published,published,,2026-08-15 16:56:53
299,P1,The College Tapes,Atypical Artists,24b338c4-3b85-4984-b2da-2b4820fa4313,needs-review,needs-review,source-conflict,2026-08-15 16:54:48
300,P1,Breaker Whiskey,Atypical Artists,12e98397-1f3b-429b-b3b5-c9523f3b2eb8,published,published,,2026-08-15 16:56:53
301,P1,Magenta Presents,Long Cat Media,9ed51c8f-60f3-46dd-86a2-7d48ecd1d4cd,published,published,,2026-08-15 16:56:53
302,P0,Afflicted,Ransom Media Productions,,unattempted,,,
303,P0,What Happened in Skinner,,,already-indexed,,,
304,P1,Acephale: Horror Fiction,Jeffrey Walker,ec618f38-9f4b-4008-a339-0b33ab10e27e,published,published,,2026-08-15 16:56:53
305,P1,All In My Head,,b6fba905-e7d1-4467-b75b-32bd61a0751e,published,published,,2026-08-15 16:56:53
306,P1,Beneath,,eb576322-b116-4d72-a666-7091f67d0cce,published,published,,2026-08-15 16:56:53
307,P1,Better Men Elsewhere,,9500e2fd-a474-490f-9b90-d6643304a0ef,needs-review,needs-review,source-conflict,2026-08-15 16:56:32
308,P1,Blake Skye: Private Eye,,6389f7ec-0b2a-44ab-b20e-8526e50340f0,needs-review,needs-review,insufficient-discovery-signals,2026-08-15 16:55:45
309,P1,Bloodrock Springs,Mark R. Healy,7f5c609b-f295-4af2-a43a-8668ac09c35d,published,published,,2026-08-15 16:56:53
310,P1,Bunker 8,The Midnight Mystery,8c5e925a-42dc-41b2-9a2f-4a1cc09ee7fc,needs-review,needs-review,source-conflict,2026-08-15 16:55:44
311,P1,Calling Darkness Podcast,,09735244-5c1e-460b-b1b8-4572394281c9,published,published,,2026-08-15 16:56:53
312,P1,Carnivea: A Queer Gothic,,,unattempted,,,
313,P1,Cicatrix,,,unattempted,,,
314,P1,Dark Northwest,,,unattempted,,,
315,P1,Dead Space: Deep Cover,Bloody FM,,unattempted,,,
316,P1,Dead West,,,unattempted,,,
317,P1,"Death, Dying, and Other Things",Justyn Buske,,unattempted,,,
318,P1,Eeler's Choice,Cytochrome Hear,,unattempted,,,
319,P1,Englewood After Dark,,,unattempted,,,
320,P1,Enter The House Between,,,unattempted,,,
321,P1,FORBIDDEN CASSETTES: CONSUMMATION,,,unattempted,,,
322,P1,Grim Death and Bill the Electrocuted Criminal,Echoverse,,unattempted,,,
323,P1,HEMOPHOBIA,C. S. W.,,unattempted,,,
324,P1,ICE-CREAM,,,unattempted,,,
325,P1,In Another Room,,,unattempted,,,
326,P1,Liars & Leeches,,,unattempted,,,
327,P1,MERCY: A Queer Eldritch Western,,,unattempted,,,
328,P1,Murphy,Ghostly Muse Productions,,unattempted,,,
329,P1,Rapture 518,Dr. Sarah Penn,,unattempted,,,
330,P1,Secrets of Harridge House,,,unattempted,,,
331,P1,Spirit Box Radio,Hanging Sloth Studios / Eira Major,,unattempted,,,
332,P1,Station to Station,Procyon Podcast Network,,unattempted,,,
333,P1,Strange Trails,,,unattempted,,,
334,P1,Submitted for the Approval of the Midnight Pals,,,unattempted,,,
335,P1,Tell No Tales,Wasting Company Time Productions,,unattempted,,,
336,P1,TERMINUS,,,unattempted,,,
337,P1,The Antiquarium of Sinister Happenings,,,unattempted,,,
338,P1,The Callisto Protocol: Helix Station,,,unattempted,,,
339,P1,The Dispossessed,,,unattempted,,,
340,P1,The Ghosts on This Road,Linda Wojtowick / Soren Narnia,,unattempted,,,
341,P1,The Hexings,,,unattempted,,,
342,P1,The Holmwood Foundation,,,unattempted,,,
343,P1,The Horror at Martin's Beach,Kingdom of Pavement,,unattempted,,,
344,P1,The Mask of Inanna,Alicia Goranson,,unattempted,,,
345,P1,The Moon Crown,,,unattempted,,,
346,P1,The Patient Files,,,unattempted,,,
347,P1,The Sounds of Nightmares,,,unattempted,,,
348,P1,The Veil Radio Dramas,,,unattempted,,,
349,P1,The Westward Eye,,,unattempted,,,
350,P1,Twilight Meridian,Wrong Dimension Productions,,unattempted,,,
351,P1,Vampire: The Masquerade Port Saga,Rachel J. Wilkinson,,unattempted,,,
352,P1,WE'RE NOT MEANT TO KNOW,H / SpectreVision Radio,,unattempted,,,
353,P1,What's The Frequency?,,,unattempted,,,
400,P1,Fresh Meat,,,unattempted,,,
509,P1,Before The Tone,Knave Of Hearts,,unattempted,,,
572,P0,"Alba Salix, Royal Physician",Forgery League,,unattempted,,,
573,P1,Among the Stacks,Among the Stacks,,unattempted,,,
574,P1,Chain of Being,Cai Gwilym Pritchard,,unattempted,,,
575,P1,Curious Matter Anthology,Knightsville Workshop,,unattempted,,,
576,P1,Decoder Ring Theatre,Decoder Ring Theatre,72fe9d1b-f8c5-4835-b985-0b6547b56d59,needs-review,needs-review,placeholder-description; insufficient-discovery-signals; missing-genre; cover-not-ready; scope-review; source-conflict; duplicate-ambiguity,2026-08-15 16:28:06
577,P1,Dining in the Void,Zebulon Podcasts,,unattempted,,,
578,P1,Forgive Me!,Rogue Dialogue / Rogue Dialogue Productions,,unattempted,,,
579,P1,Harlem Queen,Yhane Washington Smith,,unattempted,,,
580,P1,Inkwyrm,Caldera Studios,,unattempted,,,
581,P1,"Jack Valentine, Vampire Detective",,,unattempted,,,
582,P1,Kaleidotrope,,,unattempted,,,
583,P1,Kevin's Cryptids,,,unattempted,,,
584,P1,Point Mystic,,,unattempted,,,
585,P1,Powder Burns,David A. Gregory,,unattempted,,,
586,P1,Seen and Not Heard,Caroline Mincks,,unattempted,,,
587,P1,Temujin,Roshan Singh Sambhi,,unattempted,,,
588,P1,The Alexandria Archives,,,unattempted,,,
589,P1,The Book of Constellations,W. Keith Tims,,unattempted,,,
590,P1,The Bridge,,,unattempted,,,
591,P1,The Chronicles of Oz,,,unattempted,,,
592,P1,The Dex Legacy,Alternative Stories,,unattempted,,,
593,P1,The Lost Cat Podcast,,,unattempted,,,
594,P1,The Magical History of Knox County,,,unattempted,,,
595,P1,The One Stars,Good Pointe,,unattempted,,,
596,P1,The Sleep Wake Cycle,Maeltopia,,unattempted,,,
597,P1,Tides,Jesse Schuschu & Ayla Taylor,,unattempted,,,
598,P1,Visionaries Audio Drama,Richard Seneque,,unattempted,,,
599,P1,Westside Fairytales,,,unattempted,,,
600,P1,2298,A.R. Olivieri,,unattempted,,,
611,P1,Chaika,Karin Heimdahl,,unattempted,,,
612,P1,Close Your Eyes,Cryptic Radio / Cryptic County,,unattempted,,,
623,P1,Flyest Fables,Morgan Givens,,unattempted,,,
639,P1,Jar of Rebuke,Thesperience Productions,,unattempted,,,
641,P1,Josie's Lonely Hearts Club,Good Story Guild,,unattempted,,,
642,P1,Last Dance,Blackabbey Productions,,unattempted,,,
651,P1,Remnants,Hanging Sloth Studios / Eira Major,,unattempted,,,
652,P1,Residents of Proserpina Park,Angela Yih,,unattempted,,,
661,P1,The Axe & Crown,Forgery League,,unattempted,,,
665,P1,The Box Podcast,Addison Peacock,,unattempted,,,
667,P1,The Carlötta Beautox Chronicles,Ann Sloan,,unattempted,,,
683,P1,The Prickwillow Papers,Snazzy Tapir Productions,,unattempted,,,
699,P1,Y2K,Karin Heimdahl,,unattempted,,,
759,P0,The Sojourn,Spacedock,,unattempted,,,
760,P1,The Failed Cities Monologues,Matt Wallace,,unattempted,,,
761,P1,The Gearheart,Alex White,,unattempted,,,
762,P1,Hit the Bricks,PJ Scott-Blankenship,,unattempted,,,
763,P1,Under the Electric Stars,Eli Ramos,,unattempted,,,
764,P1,Superhuman Public Radio,,,unattempted,,,
765,P1,Super Ordinary,Tandon Productions,,unattempted,,,
766,P1,JOSEPH,Ear Epic,,unattempted,,,
767,P1,Black Box,Reverb,88e67197-9c66-49e0-9bae-04e4971f1964,needs-review,needs-review,missing-genre; source-conflict,2026-08-15 16:37:47
768,P1,The Second Oil Age,iHeartPodcasts,,unattempted,,,
769,P1,The Drabblecast,Norm Sherman,,unattempted,,,
770,P1,Beneath Ceaseless Skies Audio Fiction Podcasts,Beneath Ceaseless Skies,,unattempted,,,
771,P1,The Dunesteef Audio Fiction Magazine,Rish Outfield & Big Anklevich,,unattempted,,,
772,P1,The Theatre of Tomorrow,Midnight Disease Productions,,unattempted,,,
773,P1,Cobalt City Adventures Unlimited,,,unattempted,,,
774,P1,"Six Stories, Told at Night",K.T. Bryski,,unattempted,,,
775,P1,The Kingmaker Histories,We Are Not Alive,,unattempted,,,
776,P1,Eliza: A Robot Story,,,unattempted,,,
777,P1,Tales from the Afternow,Rantmedia,,unattempted,,,
778,P1,Splintered Caravan,,,unattempted,,,
779,P1,Once Upon a Wasteland: A Fallout Story,Brad Williams,,unattempted,,,
780,P1,Evergreen,QCODE,,unattempted,,,
781,P1,Birds of Empire,QCODE,e619da78-a7d2-4bc0-aa4a-bf1caec38aed,needs-review,needs-review,source-conflict,2026-08-15 16:39:52
782,P1,ReMade,Realm,,unattempted,,,
783,P1,Machina,Realm,,unattempted,,,
784,P1,Ctrl-Alt-Destroy,Realm,,unattempted,,,
785,P1,Mage and Machine,Pendant Audio,,unattempted,,,
786,P1,Jump Leads,Ben Paddon,,unattempted,,,
787,P1,Visionaries,Richard Seneque,,unattempted,,,
923,P0,Bronzeville,Wayland Productions,,unattempted,,,
924,P0,Meet Cute Originals,Meet Cute,,already-indexed,,,
925,P1,Small Victories,WGC Productions,,unattempted,,,
926,P1,Moriarty,Audible / Treefort Media,,unattempted,,,
927,P1,Tara Tremendous,Wonkybot,,unattempted,,,
928,P1,Girl Tales,Cordelia Studios,,unattempted,,,
929,P1,Cultureverse,Studio Ochenta / TRAX,,unattempted,,,
930,P1,Melon's House Party,Wondery,,unattempted,,,
931,P1,Keyshawn Solves It,PBS Kids (WGBH) / GBH Kids / PBS KIDS,,unattempted,,,
932,P1,The Arthur Podcast,GBH Kids,,unattempted,,,
933,P1,Young Ben Franklin,Gen-Z Media / iHeartRadio,,unattempted,,,
934,P1,Tomorrow,Gen-Z Media,,unattempted,,,
935,P1,The Weirdness,Gen-Z Media,,unattempted,,,
936,P1,The Hollow,Gen-Z Media,,unattempted,,,
937,P1,Supernatural Sexuality with Dr. Seabrooke,Lee Davis-Thalbourne,,unattempted,,,
938,P1,Heads Will Roll,Audible,,unattempted,,,
939,P1,Dear Bastard!,,,unattempted,,,
940,P1,Max & Ivan: Fugitives,Storyglass,,unattempted,,,
941,P1,Crowley Time with me Tom Crowley,Tom Crowley,,unattempted,,,
942,P1,Keep It Steady,Procyon Podcast Network,,unattempted,,,
943,P1,1972 - The Chisholm Campaign Trail and the Davis Trial,,,unattempted,,,
944,P1,Tejana,Sonoro / Telemundo,,unattempted,,,
945,P1,Supreme: The Battle for Roe,,,unattempted,,,
946,P1,The Very Worst Thing That Could Possibly Happen,Wolf at the Door Studios,,unattempted,,,
947,P1,"Bone, Marry, Bury",Dear Media,,unattempted,,,
948,P1,Asking For It,CBC Podcasts / Mermaid Palace,,unattempted,,,
949,P1,Dem Times,Our Day,,unattempted,,,
950,P1,We Stay Looking,,,unattempted,,,
951,P1,The Big Fix: A Jack Bergin Mystery,Audible,,unattempted,,,
952,P1,The Safe Man,Audible,,unattempted,,,
953,P1,Table Read,Manifest Media,,unattempted,,,
954,P0,Red for Revolution,Meta Mana Media,,unattempted,,,
955,P1,Home Front,BBC Radio 4,,unattempted,,,
968,P1,A World Of Trouble,Voyage Media,,unattempted,,,
1011,P1,The Sound Of Home,Voyage Media,,unattempted,,,
1051,P1,The Saints - Adventures in Faith & Courage,The Merry Beggars,,unattempted,,,
1055,P1,Mansfield Mysteries,The QuaranTeam,,unattempted,,,
1066,P0,Twilight Histories,Dark Lord Studios,,unattempted,,,
1129,P1,The 200 Year Old,Sanlam (King James Group),,unattempted,,,
1131,P0,COLD TAPES,,,already-indexed,,,
1132,P0,TWO THOUSAND AND LATE,Lauren Shippen,,unattempted,,,
1133,P1,Whalefall,,,unattempted,,,
1134,P1,Cicada,,,unattempted,,,
1135,P1,The Inn at the End of Things,,,unattempted,,,
1136,P1,A Murder in Montecito,Sonoro,,unattempted,,,
1137,P1,Femme Future Perfect,,,unattempted,,,
1138,P1,Yvain and the Lady of the Fountain,,,unattempted,,,
1139,P1,Broken Veil,,,unattempted,,,
1140,P1,Ramon Fear's Terror Tapes,,,unattempted,,,
1141,P1,Buzz: The Man & The Moon,,,unattempted,,,
1142,P1,Dragon Age: Vows & Vengeance,Electronic Arts | Pod People,,unattempted,,,
1143,P1,The Justice,,,unattempted,,,
1144,P1,The Last City,,,unattempted,,,
1145,P1,The Seneschal: A Rebel Moon Story,,,unattempted,,,
1146,P1,Tom Slick: Mystery Hunter,,,unattempted,,,
1147,P1,Murder on Mars,,,unattempted,,,
1148,P1,PURPLE HEART WARRIORS,,,unattempted,,,
1149,P1,StanLand,,,unattempted,,,
1150,P1,The Good Life,,,unattempted,,,
1151,P1,Murder at the Patel Motel,Broadway Video | Audible,,unattempted,,,
1152,P1,Game of Nines,,,unattempted,,,
1153,P1,In Media Res,,,unattempted,,,
1154,P1,The Left Arm Treasure Society,,,unattempted,,,
1155,P1,The Skies Are Watching,,,unattempted,,,
1156,P1,Yes We Cannabis,,,unattempted,,,
1157,P1,The TEMP,,,unattempted,,,
1158,P1,Higher Grounds,YellaBird Media,,unattempted,,,
1159,P1,Frequency - A Sci-Fi Horror Audio Drama,,,unattempted,,,
1160,P1,The Midnight Hour,Crown Noir Studios,,unattempted,,,
1161,P1,Behind Closed Doors: A 48 Hour Audio Drama Festival,,,unattempted,,,
1162,P1,Sonic Leader Audio Dramas,Sonic Leader,,unattempted,,,
1163,P1,Saigon,,,unattempted,,,
1164,P1,The Phantom of Ocean Park,,,unattempted,,,
1165,P1,Subscript,,,unattempted,,,
1166,P1,The Dolos Project,,,unattempted,,,
1333,P1,Burned by a Paper Sun,Rusty Quill,,unattempted,,,
1334,P1,Did Titanic Sink?,RNZ Originals,,unattempted,,,
1335,P1,The Plate Show,PBS (Thirteen/WNET),,unattempted,,,
