"canonical_title","aliases","creator_or_studio_network"
"Solar","Solar | Solar podcast","Chris Porter / CurtCo Media"
"Story","Story | 7 Lamb Story | Story podcast","7 Lamb Productions / Bloody FM"
"From Now","From Now | From Now podcast | QCODE From Now","Rhys Wakefield,William Day Frank / Rhys Wakefield and William Day Frank / Not verified"
"The Deca Tapes","The Deca Tapes | DECA Tapes","Lex Noteboom / Realm"
"Earth Eclipsed","Earth Eclipsed | Earth Eclipsed podcast","Nicholas Prufer,AJ Churchill,Victor Lee / Nicholas Prufer / AJ Churchill / Victor Lee / Apollo Podcasts"
"Vast Horizon","Vast Horizon | Vast Horizon podcast","K.A. Statz,Travis Vengroff / K.A. Statz and Travis Vengroff / Not verified"
"How I Died","How I Died | How I Died podcast","Vince Dajani / Realm"
"Windfall","Windfall | Windfall podcast | Rogue Dialogue Windfall","Bob Raymonda,Christie Donato,Adam Raymonda / Rogue Dialogue Productions"
"The Waystation","The Waystation | Waystation podcast","Elliot Somerfield / Wired Cowslip"
"We're Alive","We're Alive | We’re Alive | We're Alive: A Story of Survival | We're Alive franchise","Kc Wayland / Not verified"
"Impact Winter","Impact Winter | Impact Winter podcast | Impact Winter Audible","Travis Beacham / Not verified"
"Oz 9","Oz 9 | Oz 9 podcast","Shannon Perry / Fable & Folly Network"
"Ars Paradoxica","ars PARADOXICA | arsPARADOXICA","Mischa Stanton,Daniel Manning / Mischa Stanton and Daniel Manning / Not verified"
"Red Valley","Red Valley | Red Valley Podcast","Jonathan Williams,Alan Mandel / Jonathan Williams / Alan Mandel / Fable & Folly"
"The White Vault","The White Vault | Goshawk | The White Vault / Goshawk","K.A. Statz,Travis Vengroff / K.A. Statz and Travis Vengroff / Not verified"
"EOS 10","EOS 10 | EOS10 | EOS 10 podcast","Justin McLachlan / Not verified"
"Desert Skies","Desert Skies | Desert Skies podcast","Jared Carter / Not verified"
"Wolf 359","Wolf 359 | Wolf 359 podcast","Gabriel Urbina / Not verified"
"Station 151","Station 151 | Station 151 podcast","Andy Scearce,Steven James Scearce / Andy Scearce and Steven James Scearce / Realm"
"Midnight Burger","Midnight Burger | We Open at Six | Midnight Burger podcast","Joe Fisher / Not verified"
"Spectre","Spectre | Spectre podcast","Jordan Cobb / Stef Howerton / indie"
"The Phenomenon","The Phenomenon | The Phenomenon podcast","Jared J. Smith / Not verified"
"Paralyzed","Paralyzed | Paralyzed podcast | 7 Lamb Paralyzed","7 Lamb Productions / Bloody FM"
"Derelict","DERELICT | Fathom | DERELICT/FATHOM","J. Barton Mitchell / Not verified"
"Crystal Blue","Crystal Blues | Crystal Blue | 7 Lamb Crystal Blue | Crystal Blue podcast","7 Lamb Productions / Bloody FM"
"End of All Hope","End of All Hope | 7 Lamb End of All Hope","7 Lamb Productions / Bloody FM"
"Tower 4","Tower 4 | Tower 4 podcast | 7 Lamb Tower 4","7 Lamb Productions / Bloody FM"
"The Bright Sessions","The Bright Sessions podcast","Lauren Shippen"
"Wooden Overcoats","Wooden Overcoats podcast","David K. Barnes / Wooden Overcoats Ltd"
"Alice Isn't Dead","Alice Isnt Dead","Joseph Fink"
"Mirrors","","Jamie Killen / ZoomDoom Stories"
"Unwell","","Audacious Machine Creative"
"Midst","","Third Person / Critical Role Productions"
"The Program audio series","","IMS"
"Malevolent","","Harlan Guthrie / Rusty Quill Ltd"
"Case 63","","Julio Rojas"
"Borrasca","","Rebecca Klingel"
"Mabel","","Becca De La Rosa,Maybell Marten / Becca De La Rosa / Mabel Martin"
"Archive 81","","Marc Sollinger,Dan Powell / Dead Signals"
"Homecoming","","Eli Horowitz and Micah Bloomberg / Gimlet Media"
"Welcome to Night Vale","WTNV | Welcome to Night Vale podcast","Joseph Fink,Jeffrey Cranor / Joseph Fink / Jeffrey Cranor"
"Marsfall","","Marsfall LLC / Realm"
"The Strange Case of Starship Iris","","Jessica Best / Procyon Podcast Network"
"The Amelia Project","","Imploding Fictions"
"Victoriocity","","Chris Sugden,Jen Sugden / Chris Sugden / Jen Sugden"
"StarTripper!!","","StarTripper!!"
"The Lovecraft Investigations","","Julian Simpson"
"Video Palace","","Nick Braccia and Mike Monello / Nick Braccia / Mike Monello"
"Limetown","","Two-Up / Two-Up Productions"
"The Black Tapes","","Pacific Northwest Stories / THE BLACK TAPES"
"Girl in Space","","Sarah Rhea Werner / Girl In Space"
"Mockery Manor","","Long Cat Media / Lindsay Sharman / Laurence Owen / ART19"
"Forest 404","","BBC Radio 4 / Timothy X Atack / BBC"
"Greater Boston","","Alexander Danner & Jeff Van Dreason / Alexander Danner / Jeff Van Dreason / Greater Boston"
"Tumanbay","","John Scott Dryden,Mike Walker / John Scott Dryden / Mike Walker / iHeartPodcasts"
"Janus Descending","","No Such Thing Productions / Jordan Cobb / Nosuchthing"
"Spines","","ZoomDoom Stories"
"Caravan","","The Whisperforge / Tau Zaman"
"Oblivity","","Oblivity / Rob Stringer"
"The Once and Future Nerd","","Glass & Madera / Zach Glass / Christian Kelley-Madera"
"King Falls AM","","King Falls AM"
"Brimstone Valley Mall","","Brimstone Valley Mall / Kristen DiMercurio / ART19"
"Midnight Radio","","Martlet Radio / Bobbie Parker"
"Mission Rejected","Mission: Rejected","The Porch Room / Pete Barry / J. Michael DeAngelis / John P. Dowgin / Mission: Rejected"
"We Fix Space Junk","","Battle Bird Productions / Beth Crane / Hedley Knights"
"Harbor","","Tartarus Jenny Studios / Faraday Roke / Harbor - An Audio Drama Podcast"
"Passenger List","","Passenger List and Radiotopia / John Scott Dryden / Passenger List"
"Moonbase Theta, Out","","D.J. Sylvis"
"Flash Gordon and Buck Rogers Radio Adventurers","Flash Gordon and Buck Rogers Radio Adventurers | Flash Gordon: Chapters 23 and 24 | Flash Gordon: Chapter 25 and 26 | Buck Rogers: The Mechanical Mole, Episodes 1-4 | Buck Rogers: The Mechanical Mole: The Conclusion","Adam Graham / The Great Adventures of Old Time Radio"
"COPPERHEART: A RiggStories Audio Drama","COPPERHEART: A RiggStories Audio Drama","Michael J Rigg / RiggStories"
"The Penumbra Podcast","The Penumbra Podcast","Harley Takagi Kaner and Kevin Vibert"
"The Silt Verses","The Silt Verses","Eskew Productions Ltd / The Silt Verses"
"Old Gods of Appalachia","Old Gods of Appalachia","DeepNerd Media / Old Gods of Appalachia"
"The Storage Papers","The Storage Papers","Jeremy Enfinger"
"Station Blue","Station Blue","Ester Ellis"
"The Strata","The Strata | The Strata Podcast","Mark R. Healy / The Strata Podcast"
"The Call of the Void","The Call of the Void | The Call of the Void | Acorn Arts & Entertainment","Acorn Arts and Entertainment / Acorn A&E"
"The Burned Photo","The Burned Photo","QCODE / QCODE Media"
"A Voice From Darkness","A Voice From Darkness","Jac Rhys"
"The Sheridan Tapes","The Sheridan Tapes","Homestead on the Corner | Realm / Homestead on the Corner"
"The Mistholme Museum of Mystery, Morbidity, and Mortality","The Mistholme Museum of Mystery, Morbidity, and Mortality | The Mistholme Museum of Mystery, Morbidity, and Mortality — That's Not Canon Productions","Dominic Guilfoyle / That's Not Canon Productions"
"The Town Whispers","The Town Whispers","Cole Weavers / Patreon"
"The Cellar Letters","The Cellar Letters","Jamie Petronis"
"WOE.BEGONE","WOE.BEGONE","WOE.BEGONE Industries LLC / WOE.BEGONE"
"The Milkman of St. Gaff's","The Milkman of St. Gaff's","Christopher Scott McClure / Patreon"
"Where the Stars Fell","Where the Stars Fell","Caldera Studios / Where The Stars Fell"
"The Pasithea Powder","The Pasithea Powder | The Pasithea Powder (@pasitheapowder.bsky.social)","Bad Wine Productions / The Pasithea Powder / Bluesky Social"
"The Antique Shop","The Antique Shop","Ghostly Thistle"
"Re: Dracula","Re: Dracula","Bloody FM / Re: Dracula"
"The Imperfection","The Imperfection","Wolf at the Door Studios, Alexander Kemp / Wolf at the Door Studos / Wolf at the Door Studios"
"Fawx & Stallion","Fawx & Stallion","Rambling Absurdities / Fawx and Stallion"
"Mayfair Watchers Society","Mayfair Watchers Society","Bloody FM / Trevor Henderson & Pacific Obadiah"
"Wrong Station","Wrong Station","The Wrong Station / Wrong Station"
"Not Quite Dead","Not Quite Dead | Not Quite Dead Transcripts","Eira Major's Hanging Sloth / Eira Major / Hanging Sloth"
"Hi Nay","Hi Nay","Motzie Dapul"
"Super Suits","Super Suits | Super Suits | Faustian Nonsense","Faustian Nonsense"
"Wake Of Corrosion","Wake Of Corrosion","Shadow & Static Productions / Shaun Pellington"
"The Secret of St Kilda","The Secret of St Kilda","Michael Ireland & Naomi Clarke / The Secret of St Kilda"
"Death by Dying","Death by Dying | Death By Dying Podcast","Evening Post Productions / Death By Dying Podcast"
"The Wyrd Side","The Wyrd Side","Alexandra M. Barrow and Finn Cresswell"
"Syntax","Syntax | Syntax Podcast","Twin Strangers Productions / Syntax Podcast"
"The Night Post","The Night Post","Station 103"
"Observable Radio","Observable Radio","Observable Radio / Cameron Suey"
"October's Children","October's Children | October's Children Trailer - October's Children | October's Children a New England Paranormal Horror / Mystery","Jacob Mandell & Derrick Valen in collaboration with ArcanaCast"
"Knifepoint Horror","Knifepoint Horror","SpectreVision Radio / SpectreVision"
"The Cryptonaturalist","The Cryptonaturalist","Jarod K. Anderson / Jarod Anderson / The CryptoNaturalist"
"Ghost Wax","Ghost Wax","Far and Tall Tales / Spreaker"
"The Grey Rooms","The Grey Rooms","The Grey Rooms Productions / The Grey Rooms Podcast / Spreaker"
"TANIS","TANIS","Public Radio Alliance / TANIS"
"The Patron Saint of Suicides","The Patron Saint of Suicides","Alex Dolan | Realm / Alex Dolan"
"Uncanny Valley","Uncanny Valley | Uncanny Valley | DWM Presents","DWM | Realm / Dayton Writers Movement / DWM Presents"
"The Hyacinth Disaster","The Hyacinth Disaster","David Carlson / The Hyacinth Disaster"
"The Edge of Sleep","The Edge of Sleep","QCODE & Wood Elf / QCODE Media"
"The Left Right Game","The Left Right Game","QCODE / QCODE Media"
"Hello From The Hallowoods","Hello From The Hallowoods","William A. Wellman / HFTH Podcast"
"The Polybius Conspiracy","The Polybius Conspiracy","Jon Frechette, Todd Luoto / Flight 305 Media, LLC / Jon Frechette & Todd Luoto"
"The NoSleep Podcast","The NoSleep Podcast | The NoSleep Podcast - For the dark hours when you dare not close your eyes. Brace yourself…","Creative Reason Media Inc. / The NoSleep Podcast"
"The Orphans","The Orphans","The Light and Tragic Company / The Light & Tragic Company / Realms of Peril & Glory"
"Modes of Thought in Anterran Literature","Modes of Thought in Anterran Literature","Wolf at the Door / Wolf At The Door Studios"
"The Truth","The Truth | The Truth Podcast","The Truth"
"Give Me Away","Give Me Away","Gideon Media"
"The Far Meridian","The Far Meridian","The Whisperforge"
"The Leviathan Chronicles","The Leviathan Chronicles","Leviathan Audio Productions"
"Bridgewater","Bridgewater","iHeartPodcasts and Grim & Mild / Grim & Mild"
"The Last Movie","The Last Movie","Public Radio Alliance"
"The Magnus Archives","The Magnus Archives","Jonathan Sims / Rusty Quill"
"The Magnus Protocol","The Magnus Protocol | The Magnus Protocol Transcripts - Rusty Quill | The Magnus Protocol - Rusty Quill","Jonathan Sims and Alexander J Newall / Jonathan Sims / Alexander J Newall / Rusty Quill"
"The Rapscallion Agency","The Rapscallion Agency","Christof Laputka / Human-B-Gon / Leviathan Audio Productions"
"The Invenios Expeditions","The Invenios Expeditions","Christof Laputka / Leviathan Audio Productions"
"Sandra","Sandra","Gimlet"
"The Walk","The Walk","Panoply / Naomi Alderman / Six To Start / Panoply"
"SCP Archives","SCP Archives","Bloody FM / Pacific Obadiah"
"Blackout","Blackout","QCODE & Endeavor Content / QCODE Media"
"Carrier","Carrier","QCODE"
"The Horror of Dolores Roach","The Horror of Dolores Roach","Gimlet"
"World Gone Wrong: a fictional chat show about friendship at the end of the world","World Gone Wrong: a fictional chat show about friendship at the end of the world","Audacious Machine Creative / ART19"
"The Phone Booth","The Phone Booth","The Fool's Gallery"
"The Cipher","The Cipher","BBC Sounds / BBC"
"Stellar Firma","Stellar Firma | Stellar Firma Transcripts - Rusty Quill | Stellar Firma - Rusty Quill","Rusty Quill / Park Tom"
"The Big Loop","The Big Loop","Paul Bae / The Big Loop"
"Marvel's Wolverine: The Long Night","Marvel's Wolverine: The Long Night","Marvel & Realm"
"The Orbiting Human Circus","The Orbiting Human Circus | The Orbiting Human Circus: About | WNYC Studios | Podcasts | The Orbiting Human Circus: Episodes | WNYC Studios | Podcasts","WNYC Studios and Night Vale Presents / WNYC Studios"
"The Angel of Vine","The Angel of Vine | The Angel of Vine: A Fictional Podcast","Vox Populi / The Angel of Vine: A Fictional Podcast"
"Blood Ties","Blood Ties","Audible"
"Within the Wires","Within the Wires","Night Vale Presents"
"Motherhacker","Motherhacker","Gimlet / Spotify"
"Marvel's Wolverine: The Lost Trail","Marvel's Wolverine: The Lost Trail","Marvel | Realm / Marvel & Realm"
"The Two Princes","The Two Princes","Spotify Studios / Spotify"
"Rabbits","Rabbits","Public Radio Alliance / RABBITS"
"LifeAfter/The Message","LifeAfter/The Message","GE Podcast Theater / Panoply / The Message"
"Our Fair City","Our Fair City","Audacious Machine Creative / Jeffrey Gardner / ART19"
"Darkest Night","Darkest Night","The Paragon Collective"
"Campfire Radio Theater","Campfire Radio Theater","Haunted Air Audio"
"The Dead Letters Podcast","The Dead Letters Podcast","deadletterspodcast"
"the Dead Letter Office of Somewhere, Ohio","the Dead Letter Office of Somewhere, Ohio","Rat Grimes / horror podcasts set in the midwest"
"The Godfrey Audio Guide","The Godfrey Audio Guide","Nicole Knudsen / The Godfrey Audio Guide"
"Don't Mind","Don't Mind","Fool and Scholar Productions / Fool & Scholar Productions : Podcasts"
"The Subjective Truth","The Subjective Truth","Jeremy Ellett / Good Pointe"
"Two Flat Earthers Kidnap a Freemason","Two Flat Earthers Kidnap a Freemason","Jeremy Ellett / Good Pointe"
"The Dragoning","The Dragoning","Messenger Theatre Company"
"The Love Talker","The Love Talker","Alien Ghost Robot / Celebrity Tumour / ART19"
"The Viridian Wild","The Viridian Wild","Always in My Head Productions"
"The Land Whale Murders","The Land Whale Murders","Roi Gold Productions"
"The Way We Haunt Now","The Way We Haunt Now","Courtney Floyd"
"The Liminal Lands","The Liminal Lands","Waymon Alexander"
"The Tower","The Tower | The Tower | Tin Can Audio","Tin Can Audio"
"The Thieves Guild","The Thieves Guild","Jake Kerr / Podcast Alchemy"
"Artifacts of the Arcane","Artifacts of the Arcane","Jake Kerr / Podcast Alchemy"
"The Liberty Podcast","The Liberty Podcast","Fool and Scholar Productions"
"Edict Zero - FIS","Edict Zero - FIS | Edict Zero FIS episodes","Slipgate Nine Entertainment"
"Attention HellMart Shoppers!","Attention HellMart Shoppers!","Harmless Entertainment"
"The Elmwood Strain","The Elmwood Strain","Violet Hour Media / The Violet Hour"
"The Awkward Screw","The Awkward Screw","The Awkward Screw / theawkwardscrew"
"The Rats Under Eden: An Audio Drama Musical","The Rats Under Eden: An Audio Drama Musical","The Mayor of Eden City"
"The Other Stories | Sci-Fi, Horror, Thriller, WTF Stories","The Other Stories | Sci-Fi, Horror, Thriller, WTF Stories","Hawk & Cleaver / Luke Kondor"
"The Great Chameleon War","The Great Chameleon War","Justin Hellstrom / The Great Chameleon War"
"The Hidden People","The Hidden People | The Hidden People - Season 1 Teaser","DWM | Realm / Dayton Writers Movement / Spreaker"
"Dark Woods","Dark Woods","Endeavor Content"
"Wake up, New Vilirth!","Wake up, New Vilirth!","Wake up, New Vilirth!"
"The Next 5 Minutes","The Next 5 Minutes","Ear Candy Media | Echidna Audio | Spineless Wonders / Ian Walker"
"Hannahpocalypse","Hannahpocalypse","Red Fathom Entertainment / ART19"
"Tales From Wolf Mountain","Tales From Wolf Mountain","Wolf Mountain Workshop / Buzzsprout"
"Iowa Chapman and The Last Dog","Iowa Chapman and The Last Dog","GZM Shows / ART19"
"Blackwood","Blackwood","Scary Fun / ART19"
"Anticrastination","Anticrastination","W. Keith Tims"
"How to Win Friends and Disappear People","How to Win Friends and Disappear People","QCODE / QCODE Media"
"Unkillable","Unkillable","Patrick McLean | Scribl / Scribl"
"HORROR ETERNAL","HORROR ETERNAL","Spiral Opus Audio"
"The Hatred | A Supernatural Thriller Miniseries","The Hatred | A Supernatural Thriller Miniseries","Madhouse Radio"
"Out of Place","Out of Place","Midnight Disease Productions LLC"
"Coexistence","Coexistence","Coex Studios"
"Liminal","Liminal | Liminal | Acorn Arts and Entertainment","Acorn Arts and Entertainment / Acorn A&E"
"Petrified","Petrified | Petrified Official: Instagram | Linktree","Liam Geraghty / Peter Dunne / The Linktree Team / Liam Geraghty / Linktree"
"The Nebulous Saga","The Nebulous Saga | The Nebulous Saga – The audio fiction adaptation of the thrilling space fantasy!","Jane Maree / Magnus Carlssen"
"Badlands Cola","Badlands Cola | Badlands Cola | A Strange Audio Drama","Renee Taylor Klint / Badlands Cola"
"DUST","DUST | DUST - YouTube","Gunpowder & Sky / Så fungerar YouTube"
"Sorry About The Murder","Sorry About The Murder","TA2 Productions / Sorry About The Murder"
"From Within: A Tale of the Macabre","From Within: A Tale of the Macabre","Superhappy Productions"
"Dreamboy","Dreamboy","Night Vale Presents"
"Crooked River","Crooked River","Heywood / Dave Beazley & Casey Wells / DAVE BEAZLEY"
"36 Questions","36 Questions","Two-Up Productions"
"Mission to Zyxx","Mission to Zyxx","Maximum Fun"
"Hello From the Magic Tavern","Hello From the Magic Tavern","Arnie Niekamp"
"The Thrilling Adventure Hour","The Thrilling Adventure Hour","Ben Acker & Ben Blacker"
"The Red Panda Adventures","The Red Panda Adventures","Decoder Ring Theatre"
"Second Shift","Second Shift","Blue Sky Red Design"
"The Radio Adventures of Dr. Floyd","The Radio Adventures of Dr. Floyd","Grant Baciocco & Doug Price"
"Steal the Stars","Steal the Stars","Gideon Media"
"The Archers","The Archers","BBC"
"Bronzeville","Bronzeville","Cinema Gypsy Productions"
"The Unexplainable Disappearance of Mars Patel","The Unexplainable Disappearance of Mars Patel","Gen-Z Media"
"Batman Unburied","Batman Unburied","Spotify / Warner Bros. / DC"
"Black Jack Justice","Black Jack Justice","Decoder Ring Theatre"
"Wormwood: A Serialized Mystery","Wormwood: A Serialized Mystery","Habit Forming Films"
"How to Succeed in Evil","How to Succeed in Evil","Patrick E. McLean"
"The Cleansed","The Cleansed","FinalRune Productions"
"19 Nocturne Boulevard","19 Nocturne Boulevard","Julie Hoverson"
"The Bunker","The Bunker","Definitely Human"
"MarsCorp","MarsCorp","Definitely Human"
"The Monster Hunters","The Monster Hunters","Definitely Human"
"Down","Down","Definitely Human"
"The Kingery","The Kingery","Pendant Productions / Pendant Audio"
"Genesis Avalon","Genesis Avalon","Pendant Audio"
"Seminar","Seminar","Pendant Productions / Pendant Audio"
"Dreamnasium","Dreamnasium","Pendant Audio"
"Almelem","Almelem","Gideon Media"
"Ask Your Father","Ask Your Father","Gideon Media"
"The Earth Moves","The Earth Moves","Gideon Media"
"God of Obsidian","God of Obsidian","Gideon Media"
"Witness","Witness","Gideon Media / Audible"
"See You in Your Nightmares","See You in Your Nightmares","Audible"
"It Makes a Sound","It Makes a Sound","Night Vale Presents"
"Adventures in New America","Adventures in New America","Night Vale Presents"
"Unlicensed","Unlicensed","Night Vale Presents / Audible"
"Arden","Arden","Wheyface Radio"
"A Scottish Podcast","A Scottish Podcast","Jester's Baffies Productions / Matthew McLean"
"I Am in Eskew","I Am in Eskew","Muna Hussen and Jon Ware"
"Kakos Industries","Kakos Industries","Conrad Miszuk"
"Palimpsest","Palimpsest","Jamieson Ridenhour & Hayley Heninger / Palimpsest Productions"
"Kalila Stormfire's Economical Magick Services","Kalila Stormfire's Economical Magick Services","Lisette Alvarez"
"VALENCE","VALENCE","Hug House Productions"
"Unseen","Unseen","Long Story Short Productions"
"Zero Hours","Zero Hours","Long Story Short Productions"
"Time:Bombs","Time:Bombs","Long Story Short Productions"
"The Earth Collective","The Earth Collective","Michael Troup"
"SAYER","SAYER","Adam Bash"
"Ostium Podcast","Ostium Podcast","Alex C. Telander / Ostium Network"
"Apollyon","Apollyon","Observer Pictures"
"Among the Stars and Bones","Among the Stars and Bones","Chris Magilton"
"Life With Althaar","Life With Althaar","Gemini CollisionWorks"
"Relativity","Relativity","Lee Shackleford"
"Directive","Directive","David Magadan"
"Exoplanetary","Exoplanetary","C. Christopher Hart"
"The Vesta Clinic","The Vesta Clinic","Eva Thanheiser"
"This Planet Needs a Name","This Planet Needs a Name","Evan Tess Murray"
"Second Star to the Left","Second Star to the Left","Passer Vulpes Productions"
"Civilized","Civilized","Civilized Communication"
"ROGUEMAKER","ROGUEMAKER","Courier's Call Productions"
"The Green Horizon","The Green Horizon","Paul Walsh"
"The Beacon","The Beacon","Claudia Elvidge"
"What Will Be Here?","What Will Be Here?","Tal Minear"
"Sidequesting","Sidequesting","Tal Minear"
"Counterbalance","Counterbalance","Blighthouse Studio"
"Inn Between","Inn Between","The Goblin’s Head / Hannah Wright"
"Absolutely No Adventures","Absolutely No Adventures","AudioOhm Media"
"The Call of the Flame","The Call of the Flame","Magnir Productions"
"Dark Ages","Dark Ages",""
"Carcerem","Carcerem","Shane Salk Productions"
"Desperado","Desperado","Samy Souissi / Aeaea"
"Monstrous Agonies","Monstrous Agonies","H.R. Owen"
"Love and Luck","Love and Luck","Passer Vulpes Productions"
"Find Us Alive","Find Us Alive","Aurore BlackCat"
"Camlann","Camlann","Tin Can Audio"
"The Grotto","The Grotto","Athena Lee"
"Soul Operator","Soul Operator","Totally Normal Entertainment / Rat Grimes"
"Hymns for the Road","Hymns for the Road","Pine Tree Podcasts"
"The Attic Monologues","The Attic Monologues","TAM Podcast"
"Someone Dies in This Elevator","Someone Dies in This Elevator","Tal Minear"
"Starfall","Starfall","Wizzard Wizzard Productions"
"Omen","Omen","Tim Krause"
"DASH","DASH",""
"The Stench of Adventure","The Stench of Adventure","Strong Branch Productions"
"Electromancy","Electromancy","Nathan Comstock"
"Aurora Everlasting","Aurora Everlasting","M.G. Rook"
"Dispatch from the Desert Planet","Dispatch from the Desert Planet",""
"Less Is Morgue","Less Is Morgue","The Praeps Collective"
"Station Arcadia","Station Arcadia","Metal Steve Productions"
"Achewillow","Achewillow","Amy Frost & J.F. Dubeau"
"Light House","Light House","iHeartPodcasts"
"Folxlore","Folxlore","Tin Can Audio / In The Works"
"Cybernautica","Cybernautica","Strange Exiles"
"Constants","Constants","Sean Heyboer"
"Vega: A Sci-Fi Adventure Podcast!","Vega: A Sci-Fi Adventure Podcast!","Ivuoma Hall"
"McGillicuddy and Murder's Pawn Shop","McGillicuddy and Murder's Pawn Shop","Minerva Sweeney Wren"
"On a Dark, Cold Night","On a Dark, Cold Night","Kristen Zaza"
"FETIDUS","FETIDUS","James Durham"
"Hubris: A 24-Hour Podcast Project","Hubris: A 24-Hour Podcast Project","Hubris Podcast"
"Ad Lucem","Ad Lucem","QCODE"
"Bad Vibes","Bad Vibes","QCODE"
"Beautiful Liar","Beautiful Liar","QCODE"
"Bloodthirsty Hearts","Bloodthirsty Hearts","QCODE"
"Classified","Classified","QCODE"
"Cupid","Cupid","QCODE"
"Dirty Diana","Dirty Diana","QCODE"
"Edith!","Edith!","QCODE / Crooked Media"
"Electric Easy","Electric Easy","QCODE"
"Gaslight","Gaslight","QCODE"
"Ghost Tape","Ghost Tape","QCODE"
"Last Known Position","Last Known Position","QCODE"
"Listening In","Listening In","QCODE"
"Narcissa","Narcissa","QCODE"
"Ronstadt","Ronstadt","QCODE"
"Soft Voice","Soft Voice","QCODE"
"The Foxes of Hydesville","The Foxes of Hydesville","QCODE"
"The Lower Bottoms","The Lower Bottoms","QCODE"
"The Prophecy","The Prophecy","QCODE"
"Unwanted","Unwanted","QCODE"
"Hank the Cowdog","Hank the Cowdog","QCODE"
"Black Box","Black Box","QCODE"
"1865","1865","Airship / Wondery"
"Terms","Terms","Wondery"
"Exeter","Exeter","Sundance Now"
"Hunted","Hunted","Endeavor Audio"
"Deadly Manners","Deadly Manners","The Paragon Collective"
"13 Days of Halloween","13 Days of Halloween","Grim & Mild / iHeartPodcasts"
"Aftershock","Aftershock","iHeartPodcasts"
"Consumed","Consumed","Grim & Mild / iHeartPodcasts"
"Mordeo","Mordeo","Blumhouse Television / iHeartPodcasts"
"The Mantawauk Caves","The Mantawauk Caves","iHeartPodcasts"
"Strawberry Spring","Strawberry Spring","iHeartPodcasts"
"Tomorrow's Monsters","Tomorrow's Monsters","iHeartPodcasts"
"Quiet Part Loud","Quiet Part Loud","Gimlet / Monkeypaw Productions"
"Red Frontier","Red Frontier","Gimlet"
"Treat","Treat","C13Features"
"Ghostwriter","Ghostwriter","C13Features"
"Academy","Academy","AT WILL MEDIA / Wondery"
"Murder in HR","Murder in HR","Caspian Studios"
"Moriarty: The Devil's Game","Moriarty: The Devil's Game","Treefort Media / Audible"
"Moriarty: The Silent Order","Moriarty: The Silent Order","Treefort Media / Audible"
"Hot White Heist","Hot White Heist","Audible"
"The Coldest Case: The Past Has a Long Memory","The Coldest Case: The Past Has a Long Memory","Audible"
"Third Eye","Third Eye","Audible"
"Anthem: Homunculus","Anthem: Homunculus","Luminary"
"Shipworm","Shipworm","Two-Up"
"The Big Lie","The Big Lie","Fresh Produce Media / Audible"
"You Feeling This?","You Feeling This?","Overtones Media / iHeartRadio"
"Moonface","Moonface","James Kim"
"The Riddler: Secrets in the Dark","The Riddler: Secrets in the Dark","Spotify / Warner Bros. / DC"
"Harley Quinn and The Joker: Sound Mind","Harley Quinn and The Joker: Sound Mind","Spotify / Warner Bros. / DC"
"Batman: The Audio Adventures","Batman: The Audio Adventures","HBO Max / Warner Bros. / DC"
"DC High Volume: Batman","DC High Volume: Batman","DC Comics / Realm"
"Marvel's Wastelanders","Marvel's Wastelanders","Marvel / SiriusXM"
"Marvel's Squirrel Girl: The Unbeatable Radio Show!","Marvel's Squirrel Girl: The Unbeatable Radio Show!","Marvel / SiriusXM"
"Marvels","Marvels","Marvel / Stitcher"
"Sonic the Hedgehog Presents: The Chaotix Casefiles","Sonic the Hedgehog Presents: The Chaotix Casefiles","SEGA / Realm"
"Orphan Black: The Next Chapter","Orphan Black: The Next Chapter","Realm"
"Echo Park","Echo Park","Realm"
"Spark Hunter","Spark Hunter","Realm"
"Marigold Breach","Marigold Breach","Realm"
"Power Trip","Power Trip","Realm"
"Overleaper","Overleaper","Realm"
"If I Go Missing the Witches Did It","If I Go Missing the Witches Did It","Realm"
"Roanoke Falls","Roanoke Falls","Realm"
"Memory Lane","Memory Lane","Realm"
"Elixir","Elixir","Realm"
"Blood & Gold","Blood & Gold","Realm"
"Undertow","Undertow","Realm"
"The Oyster","The Oyster","The Paragon Collective / Luminary"
"Tracks","Tracks","BBC Radio 4 / BBC"
"Murmurs","Murmurs","BBC"
"Doctor Who: Redacted","Doctor Who: Redacted","BBC Sounds / BBC"
"Lusus","Lusus","BBC"
"The Piper","The Piper","BBC"
"Harland","Harland","BBC"
"Who Is Aldrich Kemp?","Who Is Aldrich Kemp?","BBC"
"Aldrich Kemp and the Rose of Pamir","Aldrich Kemp and the Rose of Pamir","BBC"
"Body Horror","Body Horror","BBC"
"Children of the Stones","Children of the Stones","BBC"
"The System","The System","BBC"
"Dead Hand","Dead Hand","BBC"
"People Who Knew Me","People Who Knew Me","BBC / Merman"
"Limelight","Limelight","BBC"
"The Fitzroy Diaries","The Fitzroy Diaries","ABC Radio National / ABC"
"CrossBread","CrossBread","ABC"
"The Beef and Dairy Network Podcast","The Beef and Dairy Network Podcast","Maximum Fun"
"Valley Heat","Valley Heat","Starburns Audio"
"The Neighborhood Listen","The Neighborhood Listen","CBB World"
"Big Grande Teachers' Lounge","Big Grande Teachers' Lounge","Big Grande"
"A Very Fatal Murder","A Very Fatal Murder","The Onion"
"This Sounds Serious","This Sounds Serious","Kelly & Kelly"
"Gay Future","Gay Future","Gay Future Productions"
"Who Killed Avril Lavigne?","Who Killed Avril Lavigne?","Super Normal Media"
"Bubble","Bubble","Maximum Fun"
"The Offensive","The Offensive","Stak"
"Meet Cute Rom-Coms","Meet Cute Rom-Coms","Meet Cute"
"Next Stop","Next Stop","Multitude"
"Life With LEO(h)","Life With LEO(h)","Atypical Artists"
"Quid Pro Euro","Quid Pro Euro","Felix Trench"
"St Elwick's Neighbourhood Association Newsletter Podcast","St Elwick's Neighbourhood Association Newsletter Podcast","Mike Wozniak"
"Gather the Suspects","Gather the Suspects","MadeUp Audio Productions"
"Solutions to Problems","Solutions to Problems","Nathan Comstock"
"Roommate From Hell","Roommate From Hell",""
"Madame Magenta: Sonos Mystica","Madame Magenta: Sonos Mystica","Long Cat Media"
"In Strange Woods","In Strange Woods","Atypical Artists"
"The Ballad of Anne & Mary","The Ballad of Anne & Mary","Long Cat Media"
"The Flame","The Flame","Lez Hang Out"
"Loveville High","Loveville High","Broadway Podcast Network"
"The Fall of the House of Sunshine","The Fall of the House of Sunshine","Roi Gold Productions"
"Newts!","Newts!","PRX"
"Bleeding Love","Bleeding Love","Broadway Podcast Network"
"Little Did I Know","Little Did I Know",""
"The World to Come","The World to Come",""
"Falling in Love with Mr. Dellamort","Falling in Love with Mr. Dellamort","Broadway Podcast Network"
"Parkdale Haunt","Parkdale Haunt","Emily Kellogg & Alex Nursall"
"Weeping Cedars","Weeping Cedars","J.W.G. Wise"
"Samite","Samite","J.W.G. Wise"
"How It Ends","How It Ends","How It Ends Studio"
"Believer","Believer","Julie Saunders"
"Zoo","Zoo",""
"Lake Clarity","Lake Clarity","Pacific Obadiah"
"Return Home","Return Home","Jeff Heimbuch / Bamfer Productions"
"Small Town Horror","Small Town Horror","Jon Grilz"
"The Deep Vault","The Deep Vault","Night Vale Presents / Dead Signals"
"Kane and Feels: Day Trippers","Kane and Feels: Day Trippers","Skadi's Symphony"
"Rex Rivetter: Private Eye","Rex Rivetter: Private Eye","Downstairs Entertainment / Gregory McAfee & Rhiannon McAfee"
"The Harrowing","The Harrowing","Storyglass"
"The Hotel","The Hotel","Travis McMaster"
"Thirteen","Thirteen","Imaginary Comma"
"NIGHTLIGHT","NIGHTLIGHT","Ransom Media Productions"
"The Wicked Library","The Wicked Library","9th Story Studios"
"The Dark Tome","The Dark Tome","Dagaz Media"
"The Veil","The Veil","Voxx Studios"
"Uncanny County","Uncanny County","Todd Faulkner & Alison Crane"
"Creepy","Creepy","Jon Grilz"
"Chilling Tales for Dark Nights","Chilling Tales for Dark Nights","Chilling Entertainment"
"Escape Pod","Escape Pod","Escape Artists, Inc. / Escape Artists"
"PodCastle","PodCastle","Escape Artists, Inc. / Escape Artists"
"PseudoPod","PseudoPod","Escape Artists"
"Cast of Wonders","Cast of Wonders","Escape Artists, Inc. / Escape Artists"
"Tales to Terrify","Tales to Terrify","District of Wonders"
"StarShipSofa","StarShipSofa","Tony C. Smith"
"Clarkesworld Magazine Podcast","Clarkesworld Magazine Podcast","Clarkesworld Magazine"
"Lightspeed Magazine Podcast","Lightspeed Magazine Podcast","Lightspeed Magazine"
"Nightmare Magazine Podcast","Nightmare Magazine Podcast","Nightmare Magazine"
"Far Fetched Fables","Far Fetched Fables","District of Wonders"
"Back Again, Back Again","Back Again, Back Again",""
"Celeritas","Celeritas","Alexander Adell / Magnesium Film"
"Cry Havoc! Ask Questions Later","Cry Havoc! Ask Questions Later","Rusty Quill"
"Ethics Town","Ethics Town","Dodo Ink / CL Hendry"
"Fulmar's Folly","Fulmar's Folly","Static Airwaves"
"Haunted House Flippers","Haunted House Flippers",""
"HAUNTED: The Audio Drama","HAUNTED: The Audio Drama","Impala Films"
"Jackie the Ripper","Jackie the Ripper","Stak"
"Lights Out","Lights Out","Helen Burak"
"Middle:Below","Middle:Below","Tin Can Audio"
"Primordial Deep","Primordial Deep","No Such Thing Productions"
"Sherlock & Co.","Sherlock & Co.","Goalhanger"
"The Byron Chronicles","The Byron Chronicles","Darker Projects"
"The Control Group","The Control Group","HowStuffWorks"
"The London Necropolis Railway","The London Necropolis Railway",""
"The Sink: A Sleep Aid","The Sink: A Sleep Aid","BBC"
"Vigil","Vigil",""
"Six Minutes","Six Minutes","Gen-Z Media"
"The Alien Adventures of Finn Caspian","The Alien Adventures of Finn Caspian","Gen-Z Media / Jonathan Messinger"
"Eleanor Amplified","Eleanor Amplified","WHYY"
"Timestorm","Timestorm","Cocotazo Media / Gen-Z Media / TRAX"
"The Mayan Crystal","The Mayan Crystal","Gen-Z Media"
"The Rez","The Rez","Rezilience Ltd. / Gen-Z Media"
"The Natureverse","The Natureverse","Gen-Z Media"
"Treasure Island 2020","Treasure Island 2020","Gen-Z Media"
"Maxine Miles","Maxine Miles","Atypical Artists"
"Lethal Lit","Lethal Lit",""
"Nightingale","Nightingale","Gen-Z Media"
"Discovering Dad","Discovering Dad","Gen-Z Media"
"Grimm, Grimmer, Grimmest","Grimm, Grimmer, Grimmest","Pinna"
"Mina and Lucy's Guide to Slaying Dracula","Mina and Lucy's Guide to Slaying Dracula","Gen-Z Media"
"The Road of Shadows","The Road of Shadows","Mark R. Healy / Beyond the Dark Productions"
"The Madness of Chartrulean","The Madness of Chartrulean","Packhowl Media"
"The Technomancy Project","The Technomancy Project",""
"The Department of Variance of Somewhere, Ohio","The Department of Variance of Somewhere, Ohio","Rat Grimes"
"Project Nova","Project Nova","Evil Kitten Productions"
"Starship Q Star","Starship Q Star","Meegan May & Lauren Anderson"
"The AM Archives","The AM Archives","Atypical Artists"
"The Shadows","The Shadows","CBC Podcasts / CBC / Kaitlin Prest"
"Earth Break","Earth Break","Skylark Media"
"The Fourth Ambit","The Fourth Ambit","Dawson Nichols"
"The Springheel Saga","The Springheel Saga","Wireless Theatre Company / Wireless Theatre"
"The Minister of Chance","The Minister of Chance","Radio Static / Dan Freeman"
"HG World","HG World","3015 North / 3015 North Studios"
"Dark Matter","Dark Matter","Darker Projects"
"Woodbine","Woodbine","Alex Nursall & Emily Kellogg"
"Deviser","Deviser","Harlan Guthrie"
"Selene","Selene","Aaron J. Reardon"
"Clockwork Bird","Clockwork Bird","Eira Major / Hanging Sloth Studios"
"Outliers","Outliers","Rusty Quill"
"Trice Forgotten","Trice Forgotten","Rusty Quill"
"Neon Inkwell","Neon Inkwell","Rusty Quill"
"The College Tapes","The College Tapes","Atypical Artists"
"Breaker Whiskey","Breaker Whiskey","Atypical Artists"
"Magenta Presents","Magenta Presents","Long Cat Media"
"Afflicted","Afflicted","Ransom Media Productions"
"What Happened in Skinner","What Happened in Skinner",""
"Acephale: Horror Fiction","Acephale: Horror Fiction","Jeffrey Walker"
"All In My Head","All In My Head",""
"Beneath","Beneath",""
"Better Men Elsewhere","Better Men Elsewhere",""
"Blake Skye: Private Eye","Blake Skye: Private Eye",""
"Bloodrock Springs","Bloodrock Springs","Mark R. Healy"
"Bunker 8","Bunker 8","The Midnight Mystery"
"Calling Darkness Podcast","Calling Darkness Podcast",""
"Carnivea: A Queer Gothic","Carnivea: A Queer Gothic",""
"Cicatrix","Cicatrix",""
"Dark Northwest","Dark Northwest",""
"Dead Space: Deep Cover","Dead Space: Deep Cover","Bloody FM"
"Dead West","Dead West",""
"Death, Dying, and Other Things","Death, Dying, and Other Things","Justyn Buske"
"Eeler's Choice","Eeler's Choice","Cytochrome Hear"
"Englewood After Dark","Englewood After Dark",""
"Enter The House Between","Enter The House Between",""
"FORBIDDEN CASSETTES: CONSUMMATION","FORBIDDEN CASSETTES: CONSUMMATION",""
"Grim Death and Bill the Electrocuted Criminal","Grim Death and Bill the Electrocuted Criminal","Echoverse"
"HEMOPHOBIA","HEMOPHOBIA","C. S. W."
"ICE-CREAM","ICE-CREAM",""
"In Another Room","In Another Room",""
"Liars & Leeches","Liars & Leeches",""
"MERCY: A Queer Eldritch Western","MERCY: A Queer Eldritch Western",""
"Murphy","Murphy","Ghostly Muse Productions"
"Rapture 518","Rapture 518","Dr. Sarah Penn"
"Secrets of Harridge House","Secrets of Harridge House",""
"Spirit Box Radio","Spirit Box Radio","Hanging Sloth Studios / Eira Major"
"Station to Station","Station to Station","Procyon Podcast Network"
"Strange Trails","Strange Trails",""
"Submitted for the Approval of the Midnight Pals","Submitted for the Approval of the Midnight Pals",""
"Tell No Tales","Tell No Tales","Wasting Company Time Productions"
"TERMINUS","TERMINUS",""
"The Antiquarium of Sinister Happenings","The Antiquarium of Sinister Happenings",""
"The Callisto Protocol: Helix Station","The Callisto Protocol: Helix Station",""
"The Dispossessed","The Dispossessed",""
"The Ghosts on This Road","The Ghosts on This Road","Linda Wojtowick / Soren Narnia"
"The Hexings","The Hexings",""
"The Holmwood Foundation","The Holmwood Foundation",""
"The Horror at Martin's Beach","The Horror at Martin's Beach","Kingdom of Pavement"
"The Mask of Inanna","The Mask of Inanna","Alicia Goranson"
"The Moon Crown","The Moon Crown",""
"The Patient Files","The Patient Files",""
"The Sounds of Nightmares","The Sounds of Nightmares",""
"The Veil Radio Dramas","The Veil Radio Dramas",""
"The Westward Eye","The Westward Eye",""
"Twilight Meridian","Twilight Meridian","Wrong Dimension Productions"
"Vampire: The Masquerade Port Saga","Vampire: The Masquerade Port Saga","Rachel J. Wilkinson"
"WE'RE NOT MEANT TO KNOW","WE'RE NOT MEANT TO KNOW","H / SpectreVision Radio"
"What's The Frequency?","What's The Frequency?",""
"1.7 Miles to Lake Wanatel","1.7 Miles to Lake Wanatel",""
"12 Ghosts","12 Ghosts",""
"[REDACTED]","[REDACTED]",""
"A Darker Tale","A Darker Tale","Jelle Havermans"
"Aberrations","Aberrations",""
"Abnormal Advice","Abnormal Advice",""
"After Dark","After Dark",""
"Aftershocks","Aftershocks",""
"Amahdalia","Amahdalia",""
"Among the Dead","Among the Dead",""
"Anomalous","Anomalous",""
"Aqua Marianas","Aqua Marianas",""
"Arrhythmia","Arrhythmia",""
"Awoke","Awoke",""
"Baile na Gótrin","Baile na Gótrin",""
"Beyond Repair","Beyond Repair",""
"Bigfoot Bros Paranormal Patrol","Bigfoot Bros Paranormal Patrol",""
"Black Friday","Black Friday",""
"Brave New Frontiersman","Brave New Frontiersman",""
"Burn Pattern","Burn Pattern",""
"Calling From Elm Lake","Calling From Elm Lake",""
"Camper's Pike on the Forgotten Road","Camper's Pike on the Forgotten Road",""
"Cascadia","Cascadia",""
"Chasing Shadows","Chasing Shadows",""
"Chit Chat n' Chew","Chit Chat n' Chew",""
"Conversations with Ghosts","Conversations with Ghosts",""
"Cryptid Counselor","Cryptid Counselor","Twin Strangers Productions"
"Cubic Guided Meditations","Cubic Guided Meditations",""
"Dark Days In Brighton","Dark Days In Brighton",""
"Dark Princess Theatre","Dark Princess Theatre",""
"Darkness Waves","Darkness Waves",""
"Dead By Snow","Dead By Snow",""
"Dead Meat Pete","Dead Meat Pete",""
"Deadfall, Wisconsin","Deadfall, Wisconsin",""
"Dear Evelyn","Dear Evelyn",""
"DeGrave Brothers","DeGrave Brothers",""
"Delivery","Delivery",""
"Don't Look","Don't Look",""
"Dracula: 2004","Dracula: 2004",""
"Dracula: The Danse Macabre","Dracula: The Danse Macabre",""
"Echo of Moths","Echo of Moths",""
"Eldritch Girl","Eldritch Girl",""
"ergo antz","ergo antz",""
"Fabric","Fabric",""
"Fever Woods","Fever Woods",""
"Frequency","Frequency",""
"Fresh Meat","Fresh Meat",""
"Glasgow Ghost Stories","Glasgow Ghost Stories",""
"Gonsanto Industries: The Insomnia Project","Gonsanto Industries: The Insomnia Project",""
"GothHaus","GothHaus",""
"Gothic FM","Gothic FM",""
"Hallway To Nowhere","Hallway To Nowhere",""
"Haunts and Haints","Haunts and Haints",""
"Havoc Town","Havoc Town",""
"Hayward Sanitarium","Hayward Sanitarium",""
"He Vanished Below","He Vanished Below",""
"Hollow","Hollow",""
"I Love Lucifer The Podcast","I Love Lucifer The Podcast",""
"I'm Probably Going To Die: A True Horror Story","I'm Probably Going To Die: A True Horror Story",""
"Into the Dark of the Woods","Into the Dark of the Woods","Rust Belt Studio"
"Is Anybody Out There?","Is Anybody Out There?",""
"It Sees You When You're Sleeping!","It Sees You When You're Sleeping!",""
"It's All in the Cards Podcast","It's All in the Cards Podcast",""
"Jack of All Trades","Jack of All Trades","Faustian Nonsense"
"John From Back Home","John From Back Home",""
"Jollyland","Jollyland",""
"Land's End: A Shepherd's Tale","Land's End: A Shepherd's Tale","Tin Can Audio"
"Leftovers at the End of the World","Leftovers at the End of the World",""
"Longtime, First Time","Longtime, First Time",""
"Lost and Bound","Lost and Bound",""
"Magmell","Magmell",""
"Night Shift","Night Shift",""
"Nightscape","Nightscape",""
"Nocturnum Collective","Nocturnum Collective",""
"Oakbridge","Oakbridge",""
"On Asphalt Bones","On Asphalt Bones",""
"Once Upon a Time in Zombieville","Once Upon a Time in Zombieville",""
"One By One","One By One",""
"Overbrook","Overbrook",""
"Poe: Evermore","Poe: Evermore",""
"Pressing the Flesh","Pressing the Flesh",""
"Pret 101","Pret 101",""
"Priced to Sell","Priced to Sell",""
"Professor Pandemonium's Peculiar Panoply","Professor Pandemonium's Peculiar Panoply",""
"PSST: Paranatural Support Services Team","PSST: Paranatural Support Services Team",""
"Puppeteer's Farm","Puppeteer's Farm",""
"Purgatory, Missouri","Purgatory, Missouri",""
"Radio Zed","Radio Zed",""
"Red Riding Hoods","Red Riding Hoods",""
"Room 11","Room 11",""
"Shadows of a Dark Past","Shadows of a Dark Past",""
"Shelterwood","Shelterwood",""
"Skulduggery Pleasant: The Haunted House on Hollow Hill","Skulduggery Pleasant: The Haunted House on Hollow Hill",""
"Smile Grove","Smile Grove",""
"Station 13","Station 13",""
"Stay the Night","Stay the Night",""
"Tales from Davidstown","Tales from Davidstown","ROPicturesUK"
"Tapes From Beyond","Tapes From Beyond",""
"Tates and Graves: Paranormal Detectives","Tates and Graves: Paranormal Detectives",""
"The Alnerwick Files","The Alnerwick Files",""
"The Author's Anathema","The Author's Anathema",""
"The Backwoods Radio Show","The Backwoods Radio Show",""
"The Beacon Jar Podcast","The Beacon Jar Podcast","Doryen Chin"
"The Blacklight Protocol","The Blacklight Protocol",""
"The Blood & Moone Files","The Blood & Moone Files",""
"The Call of Cthulhu","The Call of Cthulhu",""
"The Children of Room 56","The Children of Room 56",""
"The Cosmic Game","The Cosmic Game",""
"The Curse of The Lake House","The Curse of The Lake House",""
"The Custodians","The Custodians",""
"The Demonic Detective","The Demonic Detective",""
"The Devil's Plaything","The Devil's Plaything","Tlacuache Theater"
"The Disposers","The Disposers",""
"The Endless Elsewhere Podcast","The Endless Elsewhere Podcast",""
"THE FORMIDDREAD HORROR","THE FORMIDDREAD HORROR","Owen Summer"
"The Frankenstein Files","The Frankenstein Files",""
"The Ghost Catchers","The Ghost Catchers",""
"The Graveyard Shift","The Graveyard Shift",""
"The Greenvale Letters","The Greenvale Letters",""
"The Grimoire Diaries","The Grimoire Diaries",""
"The Harrowing of Minerva Damson","The Harrowing of Minerva Damson",""
"The Hidden Heart","The Hidden Heart",""
"The Loft","The Loft",""
"The Lost Son","The Lost Son",""
"The Lovecraft Covenant","The Lovecraft Covenant",""
"The Marksbury Incident","The Marksbury Incident",""
"The Matlock Tapes","The Matlock Tapes",""
"The Midnight Carols","The Midnight Carols",""
"The Mysteries Of Silvertown","The Mysteries Of Silvertown",""
"The Nephilim Hunter","The Nephilim Hunter",""
"The Night Visitor","The Night Visitor",""
"The Not-Deer","The Not-Deer",""
"The Obscura Dossier","The Obscura Dossier",""
"The Outside Tapes","The Outside Tapes",""
"The Pale","The Pale",""
"The Scarab Archives","The Scarab Archives",""
"The Shadowbrook Files","The Shadowbrook Files",""
"The Shadowvane Podcast","The Shadowvane Podcast",""
"The Silver Bloodline","The Silver Bloodline",""
"The Strangemen's No Access Radio","The Strangemen's No Access Radio",""
"The Switchboard","The Switchboard",""
"The Uncannies","The Uncannies",""
"The Unnatural","The Unnatural",""
"The Veins Below","The Veins Below",""
"The Void","The Void",""
"Things That Go Bump in the Night","Things That Go Bump in the Night",""
"Thorn Creek","Thorn Creek",""
"Timm the Vampire","Timm the Vampire",""
"What Lies in Wait","What Lies in Wait",""
"Whispers From the Void","Whispers From the Void",""
"Wrought of Amber","Wrought of Amber",""
"Zoic","Zoic",""
"1968 Blackflower Drive","1968 Blackflower Drive",""
"A Dark Light Shivers","A Dark Light Shivers",""
"Battalion-13","Battalion-13",""
"Before The Tone","Before The Tone","Knave Of Hearts"
"Brittle Tourniquet","Brittle Tourniquet",""
"Call to the Dark","Call to the Dark",""
"Cede Malis","Cede Malis",""
"Ceia's Tiny Terrors","Ceia's Tiny Terrors",""
"Circus Folk","Circus Folk",""
"Clawmoor Heights","Clawmoor Heights",""
"Confessions & Cryptids","Confessions & Cryptids",""
"Cooking (With) The Smiths","Cooking (With) The Smiths",""
"Dead Evil Tales","Dead Evil Tales",""
"Death By Inches","Death By Inches",""
"Elias The Caretaker","Elias The Caretaker",""
"En-Cryptid: The Lost Tapes!","En-Cryptid: The Lost Tapes!",""
"Forgive Me Father","Forgive Me Father",""
"From the Depths","From the Depths",""
"GET TO KNOW YOUR LOCAL DEMON","GET TO KNOW YOUR LOCAL DEMON",""
"God Forsaken Station","God Forsaken Station",""
"Halcyon: The Book Of Paimon","Halcyon: The Book Of Paimon",""
"Hellhound Country","Hellhound Country",""
"Hiker Gothic","Hiker Gothic",""
"Hollow Disciple","Hollow Disciple","Shadow & Static"
"Hollow Head Pete and the Wicked Wish - Origins","Hollow Head Pete and the Wicked Wish - Origins",""
"I is for Investigate","I is for Investigate",""
"Left Alone Once More","Left Alone Once More",""
"Leo Brawn","Leo Brawn",""
"Limbo Calling","Limbo Calling",""
"Long Night in Egypt","Long Night in Egypt",""
"Mage In The Machine","Mage In The Machine",""
"Mantelreef","Mantelreef",""
"Mil-Liminal","Mil-Liminal",""
"Murder Mansion","Murder Mansion",""
"Polybius Protocol","Polybius Protocol",""
"ReWind","ReWind",""
"Rocking Chair; or Settlement","Rocking Chair; or Settlement",""
"Smackie's Smile Shack","Smackie's Smile Shack",""
"Sojourns in Slumberland","Sojourns in Slumberland",""
"Solve For X","Solve For X",""
"Tales of the Monster Hunters","Tales of the Monster Hunters",""
"The Abyss","The Abyss",""
"The Beating Heartland","The Beating Heartland",""
"The Bonneville Game","The Bonneville Game",""
"The Dread Exitibus","The Dread Exitibus",""
"The Gospel of Haven","The Gospel of Haven",""
"The Grave Veil","The Grave Veil",""
"The Huntersfield Anomaly Report","The Huntersfield Anomaly Report",""
"The Keeper","The Keeper","Becca Lidstone"
"The Nightstar Specters","The Nightstar Specters",""
"The Northwood Project","The Northwood Project",""
"The Occurrence in River Oaks","The Occurrence in River Oaks",""
"The Override Protocol","The Override Protocol",""
"THE REMAINS","THE REMAINS",""
"The Rue Papers","The Rue Papers",""
"The Seven Planes","The Seven Planes",""
"The Smell of Pines, Darkly","The Smell of Pines, Darkly",""
"The Voicemail Box Is Full","The Voicemail Box Is Full",""
"Trouble In Mind","Trouble In Mind",""
"Twisted Curiosities","Twisted Curiosities",""
"Unusual Happenings At Paradise","Unusual Happenings At Paradise",""
"Vault Veritas: SCP Files","Vault Veritas: SCP Files",""
"Whispers of Delirium","Whispers of Delirium",""
"Widdershins' Cove","Widdershins' Cove",""
"WitherBurn After School News","WitherBurn After School News",""
"You're the Last One","You're the Last One",""
"Alba Salix, Royal Physician","Alba Salix, Royal Physician","Forgery League"
"Among the Stacks","Among the Stacks","Among the Stacks"
"Chain of Being","Chain of Being","Cai Gwilym Pritchard"
"Curious Matter Anthology","Curious Matter Anthology","Knightsville Workshop"
"Decoder Ring Theatre","Decoder Ring Theatre","Decoder Ring Theatre"
"Dining in the Void","Dining in the Void","Zebulon Podcasts"
"Forgive Me!","Forgive Me!","Rogue Dialogue / Rogue Dialogue Productions"
"Harlem Queen","Harlem Queen","Yhane Washington Smith"
"Inkwyrm","Inkwyrm","Caldera Studios"
"Jack Valentine, Vampire Detective","Jack Valentine, Vampire Detective",""
"Kaleidotrope","Kaleidotrope",""
"Kevin's Cryptids","Kevin's Cryptids",""
"Point Mystic","Point Mystic",""
"Powder Burns","Powder Burns","David A. Gregory"
"Seen and Not Heard","Seen and Not Heard","Caroline Mincks"
"Temujin","Temujin","Roshan Singh Sambhi"
"The Alexandria Archives","The Alexandria Archives",""
"The Book of Constellations","The Book of Constellations","W. Keith Tims"
"The Bridge","The Bridge",""
"The Chronicles of Oz","The Chronicles of Oz",""
"The Dex Legacy","The Dex Legacy","Alternative Stories"
"The Lost Cat Podcast","The Lost Cat Podcast",""
"The Magical History of Knox County","The Magical History of Knox County",""
"The One Stars","The One Stars","Good Pointe"
"The Sleep Wake Cycle","The Sleep Wake Cycle","Maeltopia"
"Tides","Tides","Jesse Schuschu & Ayla Taylor"
"Visionaries Audio Drama","Visionaries Audio Drama","Richard Seneque"
"Westside Fairytales","Westside Fairytales",""
"2298","2298","A.R. Olivieri"
"A World Where","A World Where",""
"Am I Old Yet?","Am I Old Yet?","Flloyd Kennedy"
"Anoraks","Anoraks",""
"Be Not Afraid","Be Not Afraid","Faustian Nonsense"
"Blood Rage Mode","Blood Rage Mode",""
"Boom: A Serial Drama","Boom: A Serial Drama","Faith McQuinn / Observer Pictures"
"Burnout: A Cyberpunk Thriller","Burnout: A Cyberpunk Thriller","Alternative Stories"
"Candy Claus, Private Eye","Candy Claus, Private Eye","Ella Gale"
"Care & Feeding of Werewolves","Care & Feeding of Werewolves",""
"Cat/Person","Cat/Person",""
"Chaika","Chaika","Karin Heimdahl"
"Close Your Eyes","Close Your Eyes","Cryptic Radio / Cryptic County"
"Continuum Force","Continuum Force","Transmissions From Atlantis Entertainment"
"Curveballs","Curveballs",""
"Dashing Onions Audio","Dashing Onions Audio","Fiona Thraille"
"Dean's Killer Joke","Dean's Killer Joke",""
"Deathless","Deathless",""
"Divorce Ranch","Divorce Ranch",""
"Dr. Goodvibes","Dr. Goodvibes",""
"Dying Breeds","Dying Breeds",""
"Epsilon: Endings","Epsilon: Endings",""
"Five Minute Fears","Five Minute Fears","Darker Projects"
"Flyest Fables","Flyest Fables","Morgan Givens"
"From An Island","From An Island",""
"Gamma Radio","Gamma Radio",""
"Garden Plots with Skeletor","Garden Plots with Skeletor",""
"GLITCH: Twisted Tech Tales","GLITCH: Twisted Tech Tales","Obsidian Elephant Productions"
"Gone","Gone",""
"HAPPY & WE KNOW IT","HAPPY & WE KNOW IT",""
"Hearthbound: An Untelling of the Odyssey","Hearthbound: An Untelling of the Odyssey",""
"Hearthfall: A Dark Fantasy Audio Drama","Hearthfall: A Dark Fantasy Audio Drama",""
"Homicide at Heavensgate","Homicide at Heavensgate",""
"Hovering","Hovering",""
"Howl","Howl",""
"Human-B-Gon","Human-B-Gon",""
"InCo","InCo","ItMe Podcast Productions"
"Influence","Influence",""
"It's All Been Done Radio Hour","It's All Been Done Radio Hour","It's All Been Done Presents"
"Jar of Rebuke","Jar of Rebuke","Thesperience Productions"
"Jim Robbie and the Wanderers","Jim Robbie and the Wanderers","Crossroad Stations"
"Josie's Lonely Hearts Club","Josie's Lonely Hearts Club","Good Story Guild"
"Last Dance","Last Dance","Blackabbey Productions"
"Leylines","Leylines",""
"MACAW","MACAW",""
"Me, My Demon, and I","Me, My Demon, and I","Procyon Podcast Network"
"Neighbourly","Neighbourly",""
"Null/Void","Null/Void","Cole Burkhardt"
"October Jones & Fish with Legs","October Jones & Fish with Legs",""
"Project Foxtrot","Project Foxtrot",""
"Regina Prime","Regina Prime",""
"Remnants","Remnants","Hanging Sloth Studios / Eira Major"
"Residents of Proserpina Park","Residents of Proserpina Park","Angela Yih"
"Saturn's Return","Saturn's Return","Nerve Tank Media"
"Sayang","Sayang",""
"Seren","Seren","Chewboy Productions"
"Sinclair Wants to Help!","Sinclair Wants to Help!","Cardboard Hedgehog"
"SOS Humanity: Earth's Last Distress Signal","SOS Humanity: Earth's Last Distress Signal",""
"Sound Heap with John-Luke Roberts","Sound Heap with John-Luke Roberts","Auddy"
"The 12:37","The 12:37","Yasmeen Khan"
"The Aberrant Report","The Aberrant Report",""
"The Axe & Crown","The Axe & Crown","Forgery League"
"The Ballad of Buck Moon","The Ballad of Buck Moon",""
"The Blood Crow Stories","The Blood Crow Stories","Ellie Collins"
"The Boar Knight","The Boar Knight",""
"The Box Podcast","The Box Podcast","Addison Peacock"
"The Cal Rowe Casefiles","The Cal Rowe Casefiles",""
"The Carlötta Beautox Chronicles","The Carlötta Beautox Chronicles","Ann Sloan"
"The Case Within","The Case Within",""
"The Chronicles of Professor Chronomier","The Chronicles of Professor Chronomier",""
"The City Within the Walls","The City Within the Walls",""
"The Cryptid Cases","The Cryptid Cases",""
"The Designated Mourner","The Designated Mourner","Gideon Media"
"The Dial-Up","The Dial-Up",""
"The Flight of the Bucket","The Flight of the Bucket",""
"The Goblet Wire","The Goblet Wire",""
"The Heart Pyre","The Heart Pyre",""
"The Legend of Kaschey the Deathless","The Legend of Kaschey the Deathless",""
"The Lift","The Lift","9th Story Studios"
"The McIlwraith Statements","The McIlwraith Statements","Ghostly Thistle"
"The Night Shift Podcast","The Night Shift Podcast",""
"The Ordinary Epic","The Ordinary Epic",""
"The Pensive Tower","The Pensive Tower",""
"The Prickwillow Papers","The Prickwillow Papers","Snazzy Tapir Productions"
"The Six Disappearances of Ella McCray","The Six Disappearances of Ella McCray",""
"The Sulphuric Secrets","The Sulphuric Secrets",""
"The Supernatural Protection Company","The Supernatural Protection Company","Saph the Something"
"The Twelvelms Conspiracy","The Twelvelms Conspiracy","Hanging Sloth Studios / Eira Major"
"The Underwood Collection","The Underwood Collection",""
"The Vanishing Act","The Vanishing Act",""
"Theatre of the Damned","Theatre of the Damned",""
"Trinity Squad Podcast","Trinity Squad Podcast",""
"Under Pressure","Under Pressure","Procyon Podcast Network"
"Wasteland - A Dex Legacy Story","Wasteland - A Dex Legacy Story","Alternative Stories"
"Waterlogged","Waterlogged",""
"Where the Leaves Fall Purple","Where the Leaves Fall Purple","Kimberly Billinton"
"Wireland Ranch","Wireland Ranch","Joseph Rutledge"
"Wizard Seeking Wizard","Wizard Seeking Wizard",""
"Working Tidal","Working Tidal",""
"Y2K","Y2K","Karin Heimdahl"
"A Fox's Guide to Deurbanisation","A Fox's Guide to Deurbanisation",""
"A Midsummer's Quarantine","A Midsummer's Quarantine","Faustian Nonsense"
"A Sherlock Holmes Christmas","A Sherlock Holmes Christmas",""
"Above and Below","Above and Below",""
"Almost Tangible","Almost Tangible",""
"American Afterlife","American Afterlife",""
"Around the World in 90 Days","Around the World in 90 Days",""
"Bee Dubs AI Labs","Bee Dubs AI Labs",""
"Beneath Our Feet","Beneath Our Feet","Tin Can Audio / In The Works"
"Blood Bunnies","Blood Bunnies",""
"Blueberries Hill","Blueberries Hill",""
"Bound","Bound",""
"Cosmic Riff","Cosmic Riff",""
"Crap Noir","Crap Noir",""
"Crime and Punsishment","Crime and Punsishment",""
"Crown Jewels","Crown Jewels",""
"Crumbleflan","Crumbleflan",""
"Decameron Tales","Decameron Tales",""
"Deconstructive Criticism","Deconstructive Criticism",""
"Dos: After You","Dos: After You","Faustian Nonsense"
"Emergence 2028: Darkwards Drifter","Emergence 2028: Darkwards Drifter",""
"Endgame","Endgame",""
"Entombed","Entombed",""
"Grandma Guignol","Grandma Guignol",""
"Hell on the 3rd Floor","Hell on the 3rd Floor",""
"Horsemen","Horsemen",""
"In The Gloaming","In The Gloaming",""
"Invaded","Invaded",""
"Irish Science Fiction","Irish Science Fiction","Brian Sexton"
"Jack and Lou – A Gangster Love Story","Jack and Lou – A Gangster Love Story",""
"Jim Nolan, Private Eye","Jim Nolan, Private Eye",""
"Joy to the World","Joy to the World","Tal Minear"
"KIND: An LGBTQ+ Mythical Noir Audio Drama","KIND: An LGBTQ+ Mythical Noir Audio Drama","Strangekind Studio"
"Milly Foster, Macabre Investigator","Milly Foster, Macabre Investigator",""
"Mondaze","Mondaze","Vol. 92"
"Monster World","Monster World","Top Hat Jack Studios"
"Monsters with Mortimer: Interviews with Creatures of the Night","Monsters with Mortimer: Interviews with Creatures of the Night",""
"Of the Sword","Of the Sword","Tal Minear"
"Once Upon A Time In Vegas","Once Upon A Time In Vegas","Pendant Audio"
"Remarkable Providences","Remarkable Providences","The Whisperforge"
"SCARE FIGHTER 3","SCARE FIGHTER 3",""
"Scarlet Vault Presents","Scarlet Vault Presents",""
"Sequestered: An Audio Drama","Sequestered: An Audio Drama",""
"Somewhere City","Somewhere City",""
"The Adventures of the Fox in the Fedora","The Adventures of the Fox in the Fedora",""
"The Dixie Stenberg and Brassy Battalion Adventure Theater","The Dixie Stenberg and Brassy Battalion Adventure Theater","Pendant Audio / Pendant Productions"
"The Elysium Project","The Elysium Project",""
"The Gentle Art of Making Enemies","The Gentle Art of Making Enemies",""
"The Godshead Incidental","The Godshead Incidental",""
"The Heresies of Radulf Burntwine","The Heresies of Radulf Burntwine",""
"The Lavender Tavern","The Lavender Tavern","Faustian Nonsense"
"The Lost Sapphire of Lewisville","The Lost Sapphire of Lewisville",""
"The Night's End Podcast","The Night's End Podcast","Dissonance Media"
"The Realm Tree","The Realm Tree",""
"Tranthologies","Tranthologies",""
"Wandering with the Dead","Wandering with the Dead",""
"Werewolf the Podcast: A Serial (Killer) Drama","Werewolf the Podcast: A Serial (Killer) Drama",""
"WQUR: Queer Quarantine Radio","WQUR: Queer Quarantine Radio",""
"Wrong Turn At Alpine","Wrong Turn At Alpine",""
"The Sojourn","The Sojourn","Spacedock"
"The Failed Cities Monologues","The Failed Cities Monologues","Matt Wallace"
"The Gearheart","The Gearheart","Alex White"
"Hit the Bricks","Hit the Bricks","PJ Scott-Blankenship"
"Under the Electric Stars","Under the Electric Stars","Eli Ramos"
"Superhuman Public Radio","Superhuman Public Radio",""
"Super Ordinary","Super Ordinary","Tandon Productions"
"JOSEPH","JOSEPH","Ear Epic"
"Black Box","Black Box","Reverb"
"The Second Oil Age","The Second Oil Age","iHeartPodcasts"
"The Drabblecast","The Drabblecast","Norm Sherman"
"Beneath Ceaseless Skies Audio Fiction Podcasts","Beneath Ceaseless Skies Audio Fiction Podcasts","Beneath Ceaseless Skies"
"The Dunesteef Audio Fiction Magazine","The Dunesteef Audio Fiction Magazine","Rish Outfield & Big Anklevich"
"The Theatre of Tomorrow","The Theatre of Tomorrow","Midnight Disease Productions"
"Cobalt City Adventures Unlimited","Cobalt City Adventures Unlimited",""
"Six Stories, Told at Night","Six Stories, Told at Night","K.T. Bryski"
"The Kingmaker Histories","The Kingmaker Histories","We Are Not Alive"
"Eliza: A Robot Story","Eliza: A Robot Story",""
"Tales from the Afternow","Tales from the Afternow","Rantmedia"
"Splintered Caravan","Splintered Caravan",""
"Once Upon a Wasteland: A Fallout Story","Once Upon a Wasteland: A Fallout Story","Brad Williams"
"Evergreen","Evergreen","QCODE"
"Birds of Empire","Birds of Empire","QCODE"
"ReMade","ReMade","Realm"
"Machina","Machina","Realm"
"Ctrl-Alt-Destroy","Ctrl-Alt-Destroy","Realm"
"Mage and Machine","Mage and Machine","Pendant Audio"
"Jump Leads","Jump Leads","Ben Paddon"
"Visionaries","Visionaries","Richard Seneque"
"Starcalled","Starcalled",""
"Dispatches from the Multiverse","Dispatches from the Multiverse",""
"The Wanderer","The Wanderer",""
"Gods & Lies","Gods & Lies",""
"Human Error","Human Error",""
"The Night Shift","The Night Shift","Nocturne Studios"
"Heroics","Heroics",""
"Earbud Theater","Earbud Theater","Earbud Theater"
"Gallery of Curiosities","Gallery of Curiosities","Kevin Frost"
"Apex Magazine Podcast","Apex Magazine Podcast","Apex Magazine"
"Journey Into...","Journey Into...","Marshal Latham"
"Toasted Cake","Toasted Cake","Tina Connolly"
"Space Casey","Space Casey","Christiana Ellis"
"Aaron's World","Aaron's World","Mike Meraz"
"Hadron Gospel Hour","Hadron Gospel Hour",""
"Billibub Baddings and the Case of the Singing Sword","Billibub Baddings and the Case of the Singing Sword","Tee Morris"
"Prometheus Radio Theatre","Prometheus Radio Theatre",""
"Variant Frequencies","Variant Frequencies","Variant Frequencies"
"Centromika - Kakuri Log: 'JUPITER'","Centromika - Kakuri Log: 'JUPITER'",""
"Desolate Eden","Desolate Eden",""
"Solarity","Solarity",""
"LIFEBLOOD","LIFEBLOOD",""
"A Fairy Tale for Adults","A Fairy Tale for Adults",""
"TwentyOne 21","TwentyOne 21",""
"Her Crown of Fire","Her Crown of Fire",""
"Experiment 31E","Experiment 31E",""
"Strange New Worlds and Spaced Out Tales","Strange New Worlds and Spaced Out Tales","Jim Cogan"
"Intragalactic Librarian","Intragalactic Librarian",""
"Travelling Light","Travelling Light","Monstrous Productions"
"The Last Post","The Last Post",""
"2109: Black Sun Rising","2109: Black Sun Rising","BrokenSea Audio Productions"
"Metropolis","Metropolis","Lux Radium"
"Please Save the Space Bees","Please Save the Space Bees","Dark Matter Podcasts"
"The Corveil Cases","The Corveil Cases",""
"KILLJAM XXX","KILLJAM XXX",""
"Isfet Archives","Isfet Archives",""
"Bones of the Land","Bones of the Land","Amelia Chisholm & Stasi Dimitrova"
"The Grotto","The Grotto","Athena S. Kye"
"Circè","Circè","Ostium Network"
"Maeltopia","Maeltopia","Maeltopia"
"Dark Heights","Dark Heights",""
"Beatrix Greene","Beatrix Greene",""
"The Shadow Files of Morgan Knox","The Shadow Files of Morgan Knox",""
"SILON: The Secret and Impossible League of the Noösphere","SILON: The Secret and Impossible League of the Noösphere","Pendant Audio"
"The Line","The Line","Pendant Productions / Pendant Audio"
"No Space for Heroes","No Space for Heroes",""
"Derry's New Direction","Derry's New Direction",""
"Last Resort","Last Resort",""
"Dear Angel","Dear Angel",""
"Agent Stoker","Agent Stoker",""
"Project Bläckfisk","Project Bläckfisk",""
"Hindsight: The Fracture","Hindsight: The Fracture",""
"The Bekkoning Noizemaker","The Bekkoning Noizemaker",""
"Zenith","Zenith",""
"Proxy Zone Reboot","Proxy Zone Reboot",""
"Starship Excelsior: A Starship Fan Production","Starship Excelsior: A Starship Fan Production","Starship Excelsior Productions"
"INFINITAS","INFINITAS",""
"How Not to Hitch a Ride with Chimps","How Not to Hitch a Ride with Chimps",""
"Crime Of the Week","Crime Of the Week","Dawn Irwin"
"The Carrington Doctrine","The Carrington Doctrine",""
"Super Duper","Super Duper",""
"Girls Night Out","Girls Night Out",""
"Beyond Awakening","Beyond Awakening",""
"Black Pulse","Black Pulse",""
"Dakota Gold Mysteries","Dakota Gold Mysteries",""
"Digital Song","Digital Song",""
"Ellie & the Wave","Ellie & the Wave",""
"Faraway","Faraway",""
"Interstellar Song Contest: A Queer Sci-Fi Musical","Interstellar Song Contest: A Queer Sci-Fi Musical",""
"MilkFish","MilkFish",""
"Starstruck","Starstruck",""
"Tales of Fists & Fireballs","Tales of Fists & Fireballs",""
"The Multiverse Employee Handbook","The Multiverse Employee Handbook",""
"The Unlikely Show","The Unlikely Show",""
"Vince Cosmos: Glam Rock Detective","Vince Cosmos: Glam Rock Detective","Paul Magrs"
"Zombie Apocalypse Survivor Radio","Zombie Apocalypse Survivor Radio",""
"Zodiac Task Force","Zodiac Task Force",""
"Cyphers Edge","Cyphers Edge",""
"Your Local Time Travelers","Your Local Time Travelers",""
"COSMIKO: Neon Night","COSMIKO: Neon Night",""
"90 Degrees South","90 Degrees South",""
"Paradise Cab","Paradise Cab",""
"Apocalypse Radio","Apocalypse Radio",""
"Deep Space Radio","Deep Space Radio",""
"Subsister: A Real Podcast","Subsister: A Real Podcast",""
"Starship Mudskipper","Starship Mudskipper",""
"After Impact","After Impact",""
"Route 6.6","Route 6.6",""
"Mars, The Earth, and Jackson","Mars, The Earth, and Jackson",""
"Your Performance Review","Your Performance Review",""
"Device 5","Device 5",""
"The Lost Channel","The Lost Channel",""
"The Ferry","The Ferry",""
"Star Trek: Khan","Star Trek: Khan","CBS Studios"
"Origin Protocol","Origin Protocol",""
"E.A.T.I.","E.A.T.I.",""
"The Scent of Gravity","The Scent of Gravity",""
"Shelar and the Scavengers","Shelar and the Scavengers",""
"Interstellar Intercoms","Interstellar Intercoms","WKNC 88.1 FM"
"Stories From Ylelmore","Stories From Ylelmore",""
"The Limbo","The Limbo",""
"The Harbingers","The Harbingers",""
"Legends of Khampiohn","Legends of Khampiohn",""
"The Bardic Hearth","The Bardic Hearth",""
"The Hand of Brass","The Hand of Brass",""
"Ravens Vail","Ravens Vail",""
"Hex Girlfriends: an Improvised Fantasy Podcast","Hex Girlfriends: an Improvised Fantasy Podcast",""
"It's Grimm!","It's Grimm!",""
"Coastal Magic","Coastal Magic",""
"Gospels of the Flood","Gospels of the Flood",""
"The Doorstep Project","The Doorstep Project",""
"Mysteries of Sparrow Crest","Mysteries of Sparrow Crest",""
"Blue Infinity - A Nautical Fantasy","Blue Infinity - A Nautical Fantasy",""
"Rock Scree Drownt","Rock Scree Drownt",""
"Forged Bonds","Forged Bonds",""
"Witchever Path","Witchever Path",""
"Creation: A Whole New Reality","Creation: A Whole New Reality",""
"Heartglass","Heartglass",""
"Cyber","Cyber",""
"FuturePast","FuturePast",""
"Metra: a Climate Revolution with Songs","Metra: a Climate Revolution with Songs",""
"The Pancake Eating Robots","The Pancake Eating Robots",""
"The Concierge","The Concierge",""
"Ignore City","Ignore City",""
"Choose the Bear","Choose the Bear","Broken Arts Entertainment"
"Storm Runner - The Ezz Bennil Files","Storm Runner - The Ezz Bennil Files",""
"Dawn of Tomorrow","Dawn of Tomorrow",""
"Istoria: The Ark","Istoria: The Ark",""
"The Unforeseen Devouring","The Unforeseen Devouring",""
"A Paladin's Bargain","A Paladin's Bargain",""
"Gareth and the Lost Island","Gareth and the Lost Island",""
"Vampire: The Masquerade: Blood Doll","Vampire: The Masquerade: Blood Doll",""
"To Court Death","To Court Death",""
"Only Human: BOUND","Only Human: BOUND",""
"InkandNeon","InkandNeon",""
"Bronzeville","Bronzeville","Wayland Productions"
"Meet Cute Originals","Meet Cute Originals","Meet Cute"
"Small Victories","Small Victories","WGC Productions"
"Moriarty","Moriarty","Audible / Treefort Media"
"Tara Tremendous","Tara Tremendous","Wonkybot"
"Girl Tales","Girl Tales","Cordelia Studios"
"Cultureverse","Cultureverse","Studio Ochenta / TRAX"
"Melon's House Party","Melon's House Party","Wondery"
"Keyshawn Solves It","Keyshawn Solves It","PBS Kids (WGBH) / GBH Kids / PBS KIDS"
"The Arthur Podcast","The Arthur Podcast","GBH Kids"
"Young Ben Franklin","Young Ben Franklin","Gen-Z Media / iHeartRadio"
"Tomorrow","Tomorrow","Gen-Z Media"
"The Weirdness","The Weirdness","Gen-Z Media"
"The Hollow","The Hollow","Gen-Z Media"
"Supernatural Sexuality with Dr. Seabrooke","Supernatural Sexuality with Dr. Seabrooke","Lee Davis-Thalbourne"
"Heads Will Roll","Heads Will Roll","Audible"
"Dear Bastard!","Dear Bastard!",""
"Max & Ivan: Fugitives","Max & Ivan: Fugitives","Storyglass"
"Crowley Time with me Tom Crowley","Crowley Time with me Tom Crowley","Tom Crowley"
"Keep It Steady","Keep It Steady","Procyon Podcast Network"
"1972 - The Chisholm Campaign Trail and the Davis Trial","1972 - The Chisholm Campaign Trail and the Davis Trial",""
"Tejana","Tejana","Sonoro / Telemundo"
"Supreme: The Battle for Roe","Supreme: The Battle for Roe",""
"The Very Worst Thing That Could Possibly Happen","The Very Worst Thing That Could Possibly Happen","Wolf at the Door Studios"
"Bone, Marry, Bury","Bone, Marry, Bury","Dear Media"
"Asking For It","Asking For It","CBC Podcasts / Mermaid Palace"
"Dem Times","Dem Times","Our Day"
"We Stay Looking","We Stay Looking",""
"The Big Fix: A Jack Bergin Mystery","The Big Fix: A Jack Bergin Mystery","Audible"
"The Safe Man","The Safe Man","Audible"
"Table Read","Table Read","Manifest Media"
"Red for Revolution","Red for Revolution","Meta Mana Media"
"Home Front","Home Front","BBC Radio 4"
"The Imagine Neighborhood","The Imagine Neighborhood",""
"The Adventures of Power Dog in Dogland","The Adventures of Power Dog in Dogland","Power Dog Adventures"
"Set Sail!","Set Sail!",""
"Boss Monster Adventures","Boss Monster Adventures",""
"Gertrude Stunt Girl Zombie Killer","Gertrude Stunt Girl Zombie Killer",""
"Alex The Rapping Parrot","Alex The Rapping Parrot","Abel Studios"
"Red Rhino","Red Rhino",""
"Mini Medical Mysteries","Mini Medical Mysteries",""
"Professor Birthday Isn't Famous","Professor Birthday Isn't Famous",""
"Clean Green Music Machine: Turn It Up!","Clean Green Music Machine: Turn It Up!",""
"Fairies and Dragons, Ponies and Knights","Fairies and Dragons, Ponies and Knights",""
"The Epic of Fic","The Epic of Fic",""
"A World Of Trouble","A World Of Trouble","Voyage Media"
"Rainbow Surfers","Rainbow Surfers",""
"For King and Country","For King and Country","Alexander Hogg"
"Captain Kayato and the Catsairs","Captain Kayato and the Catsairs",""
"The Goat American Novel","The Goat American Novel",""
"The Unthinkable Abduction of Albert","The Unthinkable Abduction of Albert",""
"The Heron","The Heron",""
"I Witness","I Witness",""
"Millie Salmon and the Infinite Shop","Millie Salmon and the Infinite Shop",""
"Welcome to Hope Springs","Welcome to Hope Springs",""
"Todd: Big Boy Detective","Todd: Big Boy Detective",""
"The Kringles","The Kringles",""
"UnTrue: The Underdogs","UnTrue: The Underdogs",""
"Nicked","Nicked",""
"Wilder Dreams","Wilder Dreams",""
"Truthdiggers","Truthdiggers",""
"Quaranteen'd","Quaranteen'd",""
"Supernatural Supermom","Supernatural Supermom",""
"Flula Makes Five","Flula Makes Five","Flula Borg"
"The Mysterious Secrets of Uncle Bertie's Botanarium","The Mysterious Secrets of Uncle Bertie's Botanarium",""
"Mars' Best Brisket","Mars' Best Brisket",""
"Standard Docking Procedure","Standard Docking Procedure","Snazzy Tapir Productions"
"Paired","Paired","Liz Anderson"
"Popcorn for Dinner","Popcorn for Dinner",""
"The Shelf Life: A Podcast Sitcom","The Shelf Life: A Podcast Sitcom",""
"TwentyOne 21: A Black AF Scripted Audio Comedy","TwentyOne 21: A Black AF Scripted Audio Comedy",""
"Coma Guy","Coma Guy",""
"Feedback: a comedy of impeccable customer service","Feedback: a comedy of impeccable customer service",""
"Relying On Benjamins","Relying On Benjamins",""
"RETREAT COMEDY","RETREAT COMEDY",""
"Riding Around","Riding Around",""
"The Never Ending Armpit | Comedy Radio Play","The Never Ending Armpit | Comedy Radio Play",""
"Wireless Theatre Comedy","Wireless Theatre Comedy","Wireless Theatre Ltd"
".CON",".CON",""
"Kicking the Bucket","Kicking the Bucket",""
"Baked Off!","Baked Off!",""
"Unfuck Your Life with Tog Chesterfield","Unfuck Your Life with Tog Chesterfield",""
"The Adventures of Sir Rodney the Root","The Adventures of Sir Rodney the Root","Talking Fish Podcasts"
"Hit Job","Hit Job","Audible"
"Hit Singles","Hit Singles","Audible"
"Childish: The Podcast Musical","Childish: The Podcast Musical",""
"Margaritas & Donuts","Margaritas & Donuts","Observer Pictures"
"Greenhouse","Greenhouse","Atypical Artists"
"The Sound Of Home","The Sound Of Home","Voyage Media"
"In Every Universe","In Every Universe",""
"His Royal Fakin' Highness","His Royal Fakin' Highness","Tandon Productions"
"Deck the Halls (with Matrimony!)","Deck the Halls (with Matrimony!)","Sassquach Radio"
"Jules & James","Jules & James","Sassquach Radio"
"A Feminist Romance Novel, Podcast! Temptations at Sweetwater Creek","A Feminist Romance Novel, Podcast! Temptations at Sweetwater Creek",""
"Sapphic Stories","Sapphic Stories",""
"Roommates","Roommates",""
"Sacred Hearts","Sacred Hearts",""
"Claudia, A Viral Love Story","Claudia, A Viral Love Story",""
"CHOKKA","CHOKKA",""
"Look Up","Look Up","Atypical Artists"
"Fruit","Fruit",""
"The Single Squad","The Single Squad",""
"Affairs of the Heart","Affairs of the Heart",""
"As the Curtain Rises","As the Curtain Rises","Broadway Podcast Network"
"The Third Place","The Third Place",""
"A Practical Guide to Death","A Practical Guide to Death",""
"A Store for Witches and Wizards","A Store for Witches and Wizards",""
"America 2.0","America 2.0","J-Squared"
"Bondfire Radio Theater Ensemble","Bondfire Radio Theater Ensemble",""
"Déjà-You","Déjà-You",""
"The Unmasked Podcast","The Unmasked Podcast",""
"13 Minutes Or Less","13 Minutes Or Less",""
"Pan-Demon-Ium","Pan-Demon-Ium",""
"Centered","Centered",""
"Gossip","Gossip","Allison Raskin"
"Grounds: A Blackcast","Grounds: A Blackcast",""
"Remy's Life...Interrupted","Remy's Life...Interrupted","Gen-Z Media"
"The Sound Museum","The Sound Museum",""
"The Ladies of Burdoo Springs","The Ladies of Burdoo Springs",""
"Me & AU","Me & AU","Andrea Klassen"
"Starfall","Starfall","Dash of Daring"
"Dirt - An Audio Drama","Dirt - An Audio Drama","STUDIO5705"
"Filthy '47","Filthy '47",""
"Wicked Dames","Wicked Dames",""
"Moonlite","Moonlite",""
"Johnnie's Song","Johnnie's Song",""
"Faithfully Yours Mozart: The Courtship","Faithfully Yours Mozart: The Courtship","Faith Jacobs"
"Eve of Independence","Eve of Independence",""
"The Saints - Adventures in Faith & Courage","The Saints - Adventures in Faith & Courage","The Merry Beggars"
"The Peek with Samuel Pepys","The Peek with Samuel Pepys",""
"The Maiden and The Dragon","The Maiden and The Dragon",""
"The Mortal Temples","The Mortal Temples",""
"Mansfield Mysteries","Mansfield Mysteries","The QuaranTeam"
"Murder, We Spoke","Murder, We Spoke",""
"The Felix Stone Mysteries","The Felix Stone Mysteries",""
"#MATTER","#MATTER",""
"Radical Justice - An Original Crime Drama Series","Radical Justice - An Original Crime Drama Series",""
"Whodunnit?","Whodunnit?",""
"Let Me Tell You About My Murder","Let Me Tell You About My Murder",""
"Atwood Manor","Atwood Manor",""
"Kiss: The Audio Series","Kiss: The Audio Series",""
"Conference Call","Conference Call",""
"The Bystanders","The Bystanders",""
"Twilight Histories","Twilight Histories","Dark Lord Studios"
"Diary of a Space Archivist","Diary of a Space Archivist",""
"Portentous Perils in the 23rd Century","Portentous Perils in the 23rd Century",""
"Flying in the Face of Fate","Flying in the Face of Fate",""
"Tales from the Aletheian Society","Tales from the Aletheian Society",""
"The Unseen Hour","The Unseen Hour",""
"The Younger Man","The Younger Man","Bryden Media"
"Yowie","Yowie","Justintertainment"
"Italia Noir","Italia Noir","OutWrd"
"Sonic Cinema Productions","Sonic Cinema Productions","Jack J. Ward"
"PlayME","PlayME","CBC"
"Cold Open Stories","Cold Open Stories",""
"The Admit One Radio Hour","The Admit One Radio Hour","Admit One Productions"
"Fireside Canada","Fireside Canada","Frequency Podcast Network"
"We Treaty People","We Treaty People","Burnt Thicket Theatre"
"The White Vault: Velez Rendezvous","The White Vault: Velez Rendezvous","Creative Call"
"The White Vault: Magellanica","The White Vault: Magellanica","Creative Call"
"Benlunar","Benlunar",""
"Bogies and Ghoulies","Bogies and Ghoulies",""
"The Ragged Scratch Podcast","The Ragged Scratch Podcast",""
"Mackaroy Uncovered","Mackaroy Uncovered","ABC Radio National"
"Who Shat On The Floor at My Wedding?","Who Shat On The Floor at My Wedding?",""
"Aberrated Light","Aberrated Light",""
"Darkness Falls","Darkness Falls",""
"Dead Wrong","Dead Wrong",""
"Letters From Home","Letters From Home",""
"Magics of the Evergreen","Magics of the Evergreen",""
"Crestfall: A Fantasy Audio Drama","Crestfall: A Fantasy Audio Drama",""
"TAGGED","TAGGED",""
"WildTrials","WildTrials",""
"Cauterized","Cauterized",""
"Action Science Theater","Action Science Theater",""
"American Comedy Horror Story","American Comedy Horror Story",""
"Ancestry","Ancestry","Koach Studios"
"Atlas Avenue Beat","Atlas Avenue Beat",""
"The Adventures of Brian Hovis","The Adventures of Brian Hovis",""
"Bend in the River","Bend in the River","Converge Radio (Blugold Radio 99.9 FM)"
"Bellingham Terror","Bellingham Terror",""
"BS De Resistance – A Fever Dream of the Trump Years","BS De Resistance – A Fever Dream of the Trump Years",""
"Calais 2037","Calais 2037",""
"Celestial Blood","Celestial Blood","KCRW"
"Citizen Q","Citizen Q","Christopher Burns"
"The Details","The Details",""
"Don't Worry, It’s Only the End of the World","Don't Worry, It’s Only the End of the World",""
"Guardians of Avalon","Guardians of Avalon","ZMEdia Entertainment"
"The Eye MNYPD","The Eye MNYPD","Bean Dip Productions"
"Life in Sonderville","Life in Sonderville",""
"Love & Lust","Love & Lust","CalamityCast"
"L.I.V.E. Radio Theater","L.I.V.E. Radio Theater","Locked Into Vacancy Entertainment"
"The Lavender Ladies Podcast","The Lavender Ladies Podcast","Goose Thunder Podcast Network"
"Neon Nights: The Arcane Files of Jack Tracer","Neon Nights: The Arcane Files of Jack Tracer",""
"New World Sonata","New World Sonata",""
"The Hawk Chronicles","The Hawk Chronicles",""
"Pinot Noir","Pinot Noir",""
"Project A.C.E.","Project A.C.E.",""
"Project Briar Rose","Project Briar Rose",""
"Project STELLAR","Project STELLAR",""
"Pod to Pluto","Pod to Pluto","Cornucopia Radio"
"Radio Room","Radio Room",""
"Sci-Fi Presents","Sci-Fi Presents",""
"Starlight Radio Dreams","Starlight Radio Dreams",""
"Sumeria","Sumeria",""
"VRMP: The 5 People You Meet in Hell","VRMP: The 5 People You Meet in Hell",""
"The 200 Year Old","The 200 Year Old","Sanlam (King James Group)"
"When The Page Talks Back","When The Page Talks Back","Connaixo Productions"
"COLD TAPES","COLD TAPES",""
"TWO THOUSAND AND LATE","TWO THOUSAND AND LATE","Lauren Shippen"
"Whalefall","Whalefall",""
"Cicada","Cicada",""
"The Inn at the End of Things","The Inn at the End of Things",""
"A Murder in Montecito","A Murder in Montecito","Sonoro"
"Femme Future Perfect","Femme Future Perfect",""
"Yvain and the Lady of the Fountain","Yvain and the Lady of the Fountain",""
"Broken Veil","Broken Veil",""
"Ramon Fear's Terror Tapes","Ramon Fear's Terror Tapes",""
"Buzz: The Man & The Moon","Buzz: The Man & The Moon",""
"Dragon Age: Vows & Vengeance","Dragon Age: Vows & Vengeance","Electronic Arts | Pod People"
"The Justice","The Justice",""
"The Last City","The Last City",""
"The Seneschal: A Rebel Moon Story","The Seneschal: A Rebel Moon Story",""
"Tom Slick: Mystery Hunter","Tom Slick: Mystery Hunter",""
"Murder on Mars","Murder on Mars",""
"PURPLE HEART WARRIORS","PURPLE HEART WARRIORS",""
"StanLand","StanLand",""
"The Good Life","The Good Life",""
"Murder at the Patel Motel","Murder at the Patel Motel","Broadway Video | Audible"
"Game of Nines","Game of Nines",""
"In Media Res","In Media Res",""
"The Left Arm Treasure Society","The Left Arm Treasure Society",""
"The Skies Are Watching","The Skies Are Watching",""
"Yes We Cannabis","Yes We Cannabis",""
"The TEMP","The TEMP",""
"Higher Grounds","Higher Grounds","YellaBird Media"
"Frequency - A Sci-Fi Horror Audio Drama","Frequency - A Sci-Fi Horror Audio Drama",""
"The Midnight Hour","The Midnight Hour","Crown Noir Studios"
"Behind Closed Doors: A 48 Hour Audio Drama Festival","Behind Closed Doors: A 48 Hour Audio Drama Festival",""
"Sonic Leader Audio Dramas","Sonic Leader Audio Dramas","Sonic Leader"
"Saigon","Saigon",""
"The Phantom of Ocean Park","The Phantom of Ocean Park",""
"Subscript","Subscript",""
"The Dolos Project","The Dolos Project",""
"The Diary of an Orange Cat","The Diary of an Orange Cat",""
"Dustwalker","Dustwalker",""
"Love in a Haze of Shock and Awe","Love in a Haze of Shock and Awe",""
"Fight Jack","Fight Jack",""
"Store 236","Store 236",""
"Syncopa","Syncopa",""
"Moose on a Highway","Moose on a Highway",""
"Uneasy Listening","Uneasy Listening",""
"Paranormal Passion","Paranormal Passion",""
"Violet's Shadow","Violet's Shadow",""
"Station 404","Station 404",""
"The Marriage Show","The Marriage Show",""
"Unfuck Your Life: An Audio Drama","Unfuck Your Life: An Audio Drama",""
"Fate of Korr","Fate of Korr",""
"Ghost InSpectors","Ghost InSpectors",""
"Autumn - An Audio Drama","Autumn - An Audio Drama",""
"Project: Daydream","Project: Daydream",""
"The Fifth Power","The Fifth Power",""
"The Transient Bliss of Death by Fallout","The Transient Bliss of Death by Fallout",""
"The town of adaliah","The town of adaliah",""
"The Richard Osman Fan Club","The Richard Osman Fan Club",""
"The Defense","The Defense",""
"The Susie House","The Susie House",""
"When Tower Angels Fall","When Tower Angels Fall",""
"Yokai Detective Agency","Yokai Detective Agency",""
"Between Heartbeats","Between Heartbeats",""
"Jesus Pancake","Jesus Pancake",""
"Boston Metaphysical Society","Boston Metaphysical Society",""
"Gabriela & The Inn Between","Gabriela & The Inn Between",""
"Dear Earth, I'm Really Sorry","Dear Earth, I'm Really Sorry",""
"Argon | A Tech Noir Thriller","Argon | A Tech Noir Thriller",""
"Mortuus Est: Legacy","Mortuus Est: Legacy",""
"The Changing Earth Audiodrama","The Changing Earth Audiodrama",""
"St. Mary's School (for children with the stigmata)","St. Mary's School (for children with the stigmata)",""
"Friday Knight Fights","Friday Knight Fights",""
"Darkstead","Darkstead",""
"Attention: The Captain Is Fine","Attention: The Captain Is Fine",""
"To Chart a Well-Trod Course","To Chart a Well-Trod Course",""
"Community Cat News","Community Cat News",""
"Lisa Upside Down","Lisa Upside Down",""
"Never Enough","Never Enough",""
"The Heir of Time","The Heir of Time",""
"Wanderhome","Wanderhome",""
"The Tsar And Tsaritsa","The Tsar And Tsaritsa",""
"Silkhaven Pulp","Silkhaven Pulp",""
"The Fog City Mysteries: IN COLOR!","The Fog City Mysteries: IN COLOR!",""
"Odder Space","Odder Space",""
"The Sherwood Society","The Sherwood Society","Ashlee Craft"
"World Devotion Project","World Devotion Project",""
"How to Start a Cult","How to Start a Cult",""
"Dark Nights with Poe & Munro","Dark Nights with Poe & Munro",""
"The Faeverse","The Faeverse",""
"Glory Radio","Glory Radio",""
"The Cycle","The Cycle",""
"Flip and Mozi","Flip and Mozi",""
"Romeo & Her Sister","Romeo & Her Sister",""
"The Mechadova Engine","The Mechadova Engine",""
"Chef's Kiss","Chef's Kiss",""
"Edited Out","Edited Out",""
"The Chronicles of Astrimos","The Chronicles of Astrimos","Echoverse"
"The Scorched Earth","The Scorched Earth","I-35 Radio Rep Company"
"The Midnight Rebellion","The Midnight Rebellion",""
"Sleuth and Flatfoot","Sleuth and Flatfoot",""
"The Many Worlds of Clenchport","The Many Worlds of Clenchport",""
"Station Infinity","Station Infinity",""
"The Alignment Project","The Alignment Project",""
"Beneath the Cosmic Waves","Beneath the Cosmic Waves",""
"The Tree Whisperer","The Tree Whisperer","C. Miggs Productions"
"Crossroads: A 48 Hour Audio Drama Festival","Crossroads: A 48 Hour Audio Drama Festival","Iridescent Acorn Productions"
"Kovacs: Breaking Conventions","Kovacs: Breaking Conventions",""
"Witchpunk","Witchpunk",""
"Listen & Often","Listen & Often",""
"James Pond","James Pond",""
"Legion 16","Legion 16",""
"On the Roman Nose","On the Roman Nose",""
"Artifice","Artifice",""
"Terra Arcana","Terra Arcana",""
"The Oracle","The Oracle",""
"Infinity Frontiers","Infinity Frontiers",""
"Cloud 9","Cloud 9",""
"The Soul Chaperon","The Soul Chaperon",""
"Tales of Skyland","Tales of Skyland",""
"Grace's Grave Graduation","Grace's Grave Graduation","Echoes Hu Audio Productions"
"Tales of Harkshire","Tales of Harkshire","Artis House Ltd"
"The Further Adventures of Rune","The Further Adventures of Rune","Happy Cloud Media"
"Life Happens - An Audio Series","Life Happens - An Audio Series",""
"The Avengers: Audio Drama","The Avengers: Audio Drama",""
"EchoTales","EchoTales",""
"Century The Series","Century The Series",""
"The Crime at Camp Ashwood","The Crime at Camp Ashwood",""
"Professionally Possessed","Professionally Possessed",""
"Wizlyean On Air","Wizlyean On Air",""
"The Foundation Dossier","The Foundation Dossier",""
"Tobias and Syd","Tobias and Syd",""
"Legend Of Glaive","Legend Of Glaive",""
"Hit Replay","Hit Replay",""
"Bird Woman","Bird Woman",""
"Mercury's Wake","Mercury's Wake",""
"The Zib's Misadventures in Spaaaace","The Zib's Misadventures in Spaaaace",""
"The Gorgon Show","The Gorgon Show",""
"Gummy and The Doctor","Gummy and The Doctor",""
"Silent Transmission","Silent Transmission",""
"Flashover","Flashover",""
"Outgrowth","Outgrowth",""
"The Soft-Boiled Detective","The Soft-Boiled Detective",""
"Domesticated","Domesticated",""
"Calamity","Calamity",""
"Wilzerlott","Wilzerlott",""
"Ghost Hunt Pacific","Ghost Hunt Pacific",""
"Feminist Fairytales","Feminist Fairytales",""
"The Grove","The Grove",""
"A Call to the Stars","A Call to the Stars",""
"Of Gods and Lanterns","Of Gods and Lanterns",""
"Babalu","Babalu",""
"Silva Lining's Care Plan","Silva Lining's Care Plan",""
"Perswayssick Radio: Unearthly Comedy","Perswayssick Radio: Unearthly Comedy",""
"RADIO: Outcast","RADIO: Outcast",""
"AAVELOURA Studios","AAVELOURA Studios","AAVELOURA Studios"
"Sizzle","Sizzle",""
"False Stories","False Stories",""
"Urban Soul Cafe","Urban Soul Cafe",""
"Begotten","Begotten",""
"Project Super Crush","Project Super Crush",""
"Buckaroos of the Weird West","Buckaroos of the Weird West",""
"Cursed Meditations","Cursed Meditations",""
"Leo Ended Years Ago","Leo Ended Years Ago",""
"Green Mountain","Green Mountain",""
"My Date With Lainey Lee","My Date With Lainey Lee",""
"The Closet","The Closet",""
"Moondew Designs","Moondew Designs",""
"The Hypnotic Eye","The Hypnotic Eye",""
"Atrophy's Eden","Atrophy's Eden",""
"Space Pickles","Space Pickles",""
"Absent, Always Theatreworks","Absent, Always Theatreworks",""
"Possibly Astronauts","Possibly Astronauts",""
"Oblivion Girl","Oblivion Girl",""
"Saturn Space Station","Saturn Space Station",""
"Dist1nc7ive Stories","Dist1nc7ive Stories",""
"Play On Words","Play On Words",""
"Crooked Tree Radio","Crooked Tree Radio",""
"Without Words","Without Words",""
"Acorn Originals","Acorn Originals","Iridescent Acorn Productions"
"Little Byrdie","Little Byrdie",""
"Dynamic Drive","Dynamic Drive",""
"Monroe Mysteries","Monroe Mysteries",""
"Couldn't Be You","Couldn't Be You",""
"When I Met You","When I Met You",""
"NSFR - New Sketches For Radio","NSFR - New Sketches For Radio",""
"Just Beyond the Horizon","Just Beyond the Horizon",""
"Vagrant Pages","Vagrant Pages",""
"The Third-Rock Theatre of the Air","The Third-Rock Theatre of the Air",""
"Radio Nine","Radio Nine",""
"News From The Dome","News From The Dome",""
"The Heroes Helpline","The Heroes Helpline",""
"Paper Moon Radio Theater","Paper Moon Radio Theater",""
"Brevity","Brevity",""
"Rock Meadows","Rock Meadows",""
"15 Second Mysteries","15 Second Mysteries",""
"High Rise","High Rise",""
"High Seas","High Seas",""
"ArtSound Radio Theatre","ArtSound Radio Theatre",""
"The Mysteries of Dr. John Thorndyke","The Mysteries of Dr. John Thorndyke",""
"Bite Size Tales","Bite Size Tales",""
"Echoes of Shadows","Echoes of Shadows","Helen McKenna"
"Anime Audio Drama Surge Saga","Anime Audio Drama Surge Saga",""
"Spiked Eggs Podcast","Spiked Eggs Podcast",""
"Burned by a Paper Sun","Burned by a Paper Sun","Rusty Quill"
"Did Titanic Sink?","Did Titanic Sink?","RNZ Originals"
"The Plate Show","The Plate Show","PBS (Thirteen/WNET)"
"Pilot Light","Pilot Light",""
"Tales from Tierra: The Wishing Star","Tales from Tierra: The Wishing Star",""
"The Kingdom of The Father","The Kingdom of The Father","Daniel Rangel"
"The Man and The Mirage","The Man and The Mirage","EFTV Productions"
"Hunters and Collectors","Hunters and Collectors",""
"Listen with Other","Listen with Other","Giles Booth"
"Signed in Blood","Signed in Blood","Evan O'Cuana"
"Written Works For You, By You","Written Works For You, By You",""
"Treasure Hunters","Treasure Hunters","Lamplight Universe"
"An Angel Without a Name","An Angel Without a Name",""
"Doctor Who: True 15","Doctor Who: True 15","Xenova Studios"
"Century Read","Century Read","Oregon Voices Network"
"The Penny Dreadful Hour","The Penny Dreadful Hour","Oregon Voices Network"
"Mystery Fiction Mondays","Mystery Fiction Mondays","Michael Campling"
"Time-Travel Fiction Tuesdays","Time-Travel Fiction Tuesdays","Michael Campling"
"The Dreaming Astronaut","The Dreaming Astronaut","Man and Robot Society"
"Engine of War","Engine of War","Rust Belt Studio"
"Mikey and the Garden Arch","Mikey and the Garden Arch","Rust Belt Studio"
"How It Falls Apart","How It Falls Apart","Gary Colton"
"The Big Red Balloon","The Big Red Balloon","Paul Malone"
"Osciluna Lounge Stories","Osciluna Lounge Stories",""
"Claybourne","Claybourne",""
"First Light","First Light","Scott McGowan"
"The McSherry Cabinet","The McSherry Cabinet","Paul McSherry"
"In Dying Days","In Dying Days",""
"Our Doris","Our Doris","Charles Heathcote"
"Fun Fiction Stories for Kids","Fun Fiction Stories for Kids","Abel Studios"
"Home of Scares","Home of Scares",""
"Back of Bourke","Back of Bourke","3P Widget"
"The Henchman’s Journal","The Henchman’s Journal",""
"Wandering Into the Void","Wandering Into the Void",""
"The Accursed","The Accursed","Jo Anna Dane"
"The Romcom Formula","The Romcom Formula","Susan Cooper"
"Journey (Emmett Forkin)","Journey (Emmett Forkin)",""
"The Cold Plunge","The Cold Plunge",""
"True Urban Legends","True Urban Legends","Rogue Media Network"
"Chongqing Punk","Chongqing Punk",""
"Demonic Lover","Demonic Lover",""
"Spectral Stories","Spectral Stories",""
"Shhhtories","Shhhtories",""
"The Shady Tree","The Shady Tree",""
"A Dream Too Heroic (The Hero of Korvalin)","A Dream Too Heroic (The Hero of Korvalin)",""
"Just Enough Dead","Just Enough Dead","OutWrd"
"Strange Country","Strange Country","Seth Ervin"
"Hunter of the Setting Sun","Hunter of the Setting Sun",""
"Dreamstar Chasers","Dreamstar Chasers",""
"HumorUs Stories","HumorUs Stories","Short StoryVerses"
"A Ballad of Inferno and Ruin","A Ballad of Inferno and Ruin",""
"Split Streams","Split Streams",""
"Towers Anthology","Towers Anthology","Ethene Studio"
"The Heart Bleeds Lavender","The Heart Bleeds Lavender","Shaymeless Studios"
"Borderlands: Dead ECHOs","Borderlands: Dead ECHOs",""
"Sascha Martin's Ripping News","Sascha Martin's Ripping News","John Arthur Nichol"
"This Never Happened","This Never Happened",""
"Per My Last Shift","Per My Last Shift",""
"The Writer","The Writer","Little Ear Productions"
"Nocturne Cipher","Nocturne Cipher","Nocturne Cipher"
"Panic","Panic","ElectraCast"
"The Podcast Against Giygas!","The Podcast Against Giygas!",""
"Captain's Log","Captain's Log","Rhys Normington"
"Project Atla","Project Atla",""
"Kirby's Fantasy Fiction Journal","Kirby's Fantasy Fiction Journal","Glen V C Kirby"
"Salmon's Run","Salmon's Run",""
"Welcome to the Labyrinth","Welcome to the Labyrinth",""
"TRC Diaries","TRC Diaries","Mrigaank Singh"
"Enough for Four","Enough for Four",""
"LowKey Storytime","LowKey Storytime","Emmie Matthews"
"Fugative's Log","Fugative's Log",""
"Laura","Laura","Martin Whiskin"
"Long Winter Nights","Long Winter Nights",""
"The Light Left Behind","The Light Left Behind","Justin D."
"The Montana Incident","The Montana Incident",""
"Interviewing Stephen Haggard","Interviewing Stephen Haggard","Faith Jacobs"
"Solitaire Stories","Solitaire Stories","Andy Hoover"
