priority,title,creator_or_network
P0,Afflicted,
P0,Deviser,Harlan Guthrie
P0,Palimpsest,Jamieson Ridenhour & Hayley Heninger
P0,Parkdale Haunt,Alex Nursall & Emily Kellogg
P0,Quiet Part Loud,
P0,The Harrowing,
P0,The Mantawauk Caves,
P0,What Happened in Skinner,
P1,Acephale: Horror Fiction,Jeffrey Walker
P1,Achewillow,J-F. Dubeau / Amy Frost
P1,All In My Head,
P1,Beneath,
P1,Better Men Elsewhere,
P1,Black Box,
P1,Blake Skye: Private Eye,
P1,Bloodrock Springs,Mark R. Healy
P1,Bunker 8,
P1,Calling Darkness Podcast,
P1,Carnivea: A Queer Gothic,
P1,Cicatrix,
P1,Consumed,
P1,Dark Northwest,
P1,Dead Space: Deep Cover,
P1,Dead West,
P1,"Death, Dying, and Other Things",Justyn Buske
P1,Eeler's Choice,
P1,Englewood After Dark,
P1,Enter The House Between,
P1,Ethics Town,
P1,Falling in Love with Mr. Dellamort,
P1,FORBIDDEN CASSETTES: CONSUMMATION,
P1,Grim Death and Bill the Electrocuted Criminal,
P1,Haunted House Flippers,
P1,HAUNTED: The Audio Drama,
P1,HEMOPHOBIA,C. S. W.
P1,How It Ends,
P1,ICE-CREAM,
P1,In Another Room,
P1,Last Known Position,
P1,Less Is Morgue,
P1,Liars & Leeches,
P1,MERCY: A Queer Eldritch Western,
P1,Monstrous Agonies,
P1,Murphy,
P1,Ostium Podcast,
P1,Rapture 518,
P1,Secrets of Harridge House,
P1,See You In Your Nightmares,
P1,Spirit Box Radio,
P1,Station to Station,
P1,Strange Trails,
P1,Submitted for the Approval of the Midnight Pals,
P1,Tell No Tales,
P1,TERMINUS,
P1,The Antiquarium of Sinister Happenings,
P1,The Byron Chronicles,
P1,The Callisto Protocol: Helix Station,
P1,"The Department of Variance of Somewhere, Ohio",
P1,The Dispossessed,
P1,The Ghosts on This Road,Linda Wojtowick / Soren Narnia
P1,The Hexings,
P1,The Holmwood Foundation,
P1,The Horror at Martin's Beach,Kingdom of Pavement
P1,The Mask of Inanna,
P1,The Moon Crown,
P1,The Patient Files,
P1,The Road of Shadows,Mark R. Healy
P1,The Sink: A Sleep Aid,
P1,The Sounds of Nightmares,
P1,The Veil Radio Dramas,
P1,The Westward Eye,
P1,Twilight Meridian,
P1,Undertow,
P1,Vampire: The Masquerade Port Saga,
P1,WE'RE NOT MEANT TO KNOW,H / SpectreVision Radio
P1,What's The Frequency?,
P1,Woodbine,Alex Nursall & Emily Kellogg
P1,Wormwood: A Serialized Mystery,
P2,1.7 Miles to Lake Wanatel,
P2,12 Ghosts,
P2,[REDACTED],
P2,A Darker Tale,Jelle Havermans
P2,Aberrations,
P2,Abnormal Advice,
P2,After Dark,
P2,Aftershocks,
P2,Amahdalia,
P2,Among the Dead,
P2,Anomalous,
P2,Aqua Marianas,
P2,Arrhythmia,
P2,Awoke,
P2,Baile na Gótrin,
P2,Beyond Repair,
P2,Bigfoot Bros Paranormal Patrol,
P2,Black Friday,
P2,Bloodthirsty Hearts,
P2,Brave New Frontiersman,
P2,Burn Pattern,
P2,Calling From Elm Lake,
P2,Camper's Pike on the Forgotten Road,
P2,Cascadia,
P2,Chasing Shadows,
P2,Chit Chat n' Chew,
P2,Clockwork Bird,
P2,Conversations with Ghosts,
P2,Cryptid Counselor,
P2,Cubic Guided Meditations,
P2,Dark Days In Brighton,
P2,Dark Princess Theatre,
P2,Darkness Waves,
P2,Dead By Snow,
P2,Dead Meat Pete,
P2,"Deadfall, Wisconsin",
P2,Dear Evelyn,
P2,DeGrave Brothers,
P2,Delivery,
P2,Don't Look,
P2,Dracula: 2004,
P2,Dracula: The Danse Macabre,
P2,Echo of Moths,
P2,Eldritch Girl,
P2,ergo antz,
P2,Fabric,
P2,Fever Woods,
P2,Frequency,
P2,Fresh Meat,
P2,Glasgow Ghost Stories,
P2,Gonsanto Industries: The Insomnia Project,
P2,GothHaus,
P2,Gothic FM,
P2,Hallway To Nowhere,
P2,Haunts and Haints,
P2,Havoc Town,
P2,Hayward Sanitarium,
P2,He Vanished Below,
P2,Hollow,
P2,I Love Lucifer The Podcast,
P2,I'm Probably Going To Die: A True Horror Story,
P2,Into the Dark of the Woods,
P2,Is Anybody Out There?,
P2,It Sees You When You're Sleeping!,
P2,It's All in the Cards Podcast,
P2,Jack of All Trades,
P2,John From Back Home,
P2,Jollyland,
P2,Land's End: A Shepherd's Tale,
P2,Leftovers at the End of the World,
P2,"Longtime, First Time",
P2,Lost and Bound,
P2,Magmell,
P2,Night Shift,
P2,Nightscape,
P2,Nocturnum Collective,
P2,Oakbridge,
P2,On Asphalt Bones,
P2,Once Upon a Time in Zombieville,
P2,One By One,
P2,Overbrook,
P2,Poe: Evermore,
P2,Pressing the Flesh,
P2,Pret 101,
P2,Priced to Sell,
P2,Professor Pandemonium's Peculiar Panoply,
P2,PSST: Paranatural Support Services Team,
P2,Puppeteer's Farm,
P2,"Purgatory, Missouri",
P2,Radio Zed,
P2,Red Riding Hoods,
P2,Room 11,
P2,Samite,
P2,Shadows of a Dark Past,
P2,Shelterwood,
P2,Skulduggery Pleasant: The Haunted House on Hollow Hill,
P2,Smile Grove,
P2,Station 13,
P2,Stay the Night,
P2,Tales from Davidstown,ROPicturesUK
P2,Tapes From Beyond,
P2,Tates and Graves: Paranormal Detectives,
P2,The Alnerwick Files,
P2,The Author's Anathema,
P2,The Backwoods Radio Show,
P2,The Beacon Jar Podcast,Doryen Chin
P2,The Blacklight Protocol,
P2,The Blood & Moone Files,
P2,The Call of Cthulhu,
P2,The Children of Room 56,
P2,The Cosmic Game,
P2,The Curse of The Lake House,
P2,The Custodians,
P2,The Demonic Detective,
P2,The Devil's Plaything,Tlacuache Theater
P2,The Disposers,
P2,The Endless Elsewhere Podcast,
P2,THE FORMIDDREAD HORROR,Owen Summer
P2,The Frankenstein Files,
P2,The Ghost Catchers,
P2,The Graveyard Shift,
P2,The Greenvale Letters,
P2,The Grimoire Diaries,
P2,The Harrowing of Minerva Damson,
P2,The Hidden Heart,
P2,The Loft,
P2,The Lost Son,
P2,The Lovecraft Covenant,
P2,The Marksbury Incident,
P2,The Matlock Tapes,
P2,The Midnight Carols,
P2,The Monster Hunters,
P2,The Mysteries Of Silvertown,
P2,The Nephilim Hunter,
P2,The Night Visitor,
P2,The Not-Deer,
P2,The Obscura Dossier,
P2,The Outside Tapes,
P2,The Pale,
P2,The Scarab Archives,
P2,The Shadowbrook Files,
P2,The Shadowvane Podcast,
P2,The Silver Bloodline,
P2,The Strangemen's No Access Radio,
P2,The Switchboard,
P2,The Uncannies,
P2,The Unnatural,
P2,The Veins Below,
P2,The Void,
P2,Things That Go Bump in the Night,
P2,Thorn Creek,
P2,Timm the Vampire,
P2,What Lies in Wait,
P2,Whispers From the Void,
P2,Wrought of Amber,
P2,Zoic,
P3,1968 Blackflower Drive,
P3,A Dark Light Shivers,
P3,Battalion-13,
P3,Before The Tone,
P3,Brittle Tourniquet,
P3,Call to the Dark,
P3,Cede Malis,
P3,Ceia's Tiny Terrors,
P3,Circus Folk,
P3,Clawmoor Heights,
P3,Confessions & Cryptids,
P3,Cooking (With) The Smiths,
P3,Dead Evil Tales,
P3,Death By Inches,
P3,Elias The Caretaker,
P3,En-Cryptid: The Lost Tapes!,
P3,Forgive Me Father,
P3,From the Depths,
P3,GET TO KNOW YOUR LOCAL DEMON,
P3,God Forsaken Station,
P3,Halcyon: The Book Of Paimon,
P3,Hellhound Country,
P3,Hiker Gothic,
P3,Hollow Disciple,
P3,Hollow Head Pete and the Wicked Wish - Origins,
P3,I is for Investigate,
P3,Left Alone Once More,
P3,Leo Brawn,
P3,Limbo Calling,
P3,Long Night in Egypt,
P3,Mage In The Machine,
P3,Mantelreef,
P3,Mil-Liminal,
P3,Murder Mansion,
P3,Polybius Protocol,
P3,ReWind,
P3,Rocking Chair; or Settlement,
P3,Smackie's Smile Shack,
P3,Sojourns in Slumberland,
P3,Solve For X,
P3,Tales of the Monster Hunters,
P3,The Abyss,
P3,The Beating Heartland,
P3,The Bonneville Game,
P3,The Dread Exitibus,
P3,The Gospel of Haven,
P3,The Grave Veil,
P3,The Huntersfield Anomaly Report,
P3,The Keeper,Becca Lidstone
P3,The Nightstar Specters,
P3,The Northwood Project,
P3,The Occurrence in River Oaks,
P3,The Override Protocol,
P3,THE REMAINS,
P3,The Rue Papers,
P3,The Seven Planes,
P3,"The Smell of Pines, Darkly",
P3,The Voicemail Box Is Full,
P3,Trouble In Mind,
P3,Twisted Curiosities,
P3,Unusual Happenings At Paradise,
P3,Vault Veritas: SCP Files,
P3,Whispers of Delirium,
P3,Widdershins' Cove,
P3,WitherBurn After School News,
P3,You're the Last One,
